ids,length
"['aves_aa_4R_1400_0005', 'aves_aa_4R_1402_0031', 'aves_aa_4R_1404_0005', 'aves_aa_4R_1406_0005', 'aves_aa_4R_1408_0032', 'aves_aa_4R_1410_0032']",
['aves_aa_4R_1400_0030'],
['aves_aa_4R_1400_0031'],
"['aves_aa_4R_1400_0032', 'aves_aa_4R_1425_0019']",
"['aves_aa_4R_1400_0033', 'aves_aa_4R_1406_0033', 'aves_aa_4R_1410_0033', 'aves_aa_4R_1418_0033', 'aves_aa_4R_1422_0020']",
['aves_aa_4R_1400_0034'],
"['aves_aa_4R_1400_0035', 'aves_aa_4R_1404_0035', 'aves_aa_4R_1415_0034', 'aves_aa_4R_1419_0035']",
['aves_aa_4R_1400_0036'],
"['aves_aa_4R_1400_0037', 'aves_aa_4R_1404_0037', 'aves_aa_4R_1421_0024']",
['aves_aa_4R_1400_0038'],
['aves_aa_4R_1400_0039'],
['aves_aa_4R_1400_0040'],
['aves_aa_4R_1400_0041'],
"['aves_aa_4R_1400_0042', 'aves_aa_4R_1402_0041']",
"['aves_aa_4R_1400_0043', 'aves_aa_4R_1402_0042', 'aves_aa_4R_1404_0043']",
"['aves_aa_4R_1400_0044', 'aves_aa_4R_1405_0044', 'aves_aa_4R_1408_0044', 'aves_aa_4R_1411_0043']",
"['aves_aa_4R_1400_0045', 'aves_aa_4R_1404_0045', 'aves_aa_4R_1408_0045']",
"['aves_aa_4R_1400_0046', 'aves_aa_4R_1406_0045']",
"['aves_aa_4R_1400_0047', 'aves_aa_4R_1404_0047', 'aves_aa_4R_1408_0047', 'aves_aa_4R_1413_0046', 'aves_aa_4R_1417_0048']",
"['aves_aa_4R_1400_0048', 'aves_aa_4R_1404_0048']",
['aves_aa_4R_1400_0049'],
"['aves_aa_4R_1400_0050', 'aves_aa_4R_1402_0005', 'aves_aa_4R_1404_0050', 'aves_aa_4R_1406_0049', 'aves_aa_4R_1408_0005', 'aves_aa_4R_1410_0050', 'aves_aa_4R_1412_0050', 'aves_aa_4R_1414_0050', 'aves_aa_4R_1416_0050', 'aves_aa_4R_1418_0005', 'aves_aa_4R_1420_0037']",
"['aves_aa_4R_1400_0051', 'aves_aa_4R_1402_0050', 'aves_aa_4R_1413_0050', 'aves_aa_4R_1416_0051']",
"['aves_aa_4R_1400_0052', 'aves_aa_4R_1405_0052', 'aves_aa_4R_1414_0052', 'aves_aa_4R_1424_0039']",
"['aves_aa_4R_1400_0053', 'aves_aa_4R_1403_0053', 'aves_aa_4R_1405_0053', 'aves_aa_4R_1413_0052']",
"['aves_aa_4R_1400_0054', 'aves_aa_4R_1406_0053']",
"['aves_aa_4R_1400_0055', 'aves_aa_4R_1403_0055', 'aves_aa_4R_1405_0055', 'aves_aa_4R_1410_0055', 'aves_aa_4R_1414_0055']",
"['aves_aa_4R_1400_0056', 'aves_aa_4R_1405_0056', 'aves_aa_4R_1409_0056', 'aves_aa_4R_1413_0055', 'aves_aa_4R_1415_0055', 'aves_aa_4R_1420_0043', 'aves_aa_4R_1426_0042', 'aves_aa_4R_1428_0042', 'aves_aa_4R_1430_0042', 'aves_aa_4R_1435_0042']",
"['aves_aa_4R_1400_0057', 'aves_aa_4R_1402_0056', 'aves_aa_4R_1404_0057']",
"['aves_aa_4R_1401_0005', 'aves_aa_4R_1403_0040', 'aves_aa_4R_1405_0040', 'aves_aa_4R_1409_0040', 'aves_aa_4R_1411_0039']",
"['aves_aa_4R_1401_0030', 'aves_aa_4R_1403_0030', 'aves_aa_4R_1405_0005', 'aves_aa_4R_1409_0005', 'aves_aa_4R_1411_0029', 'aves_aa_4R_1413_0005', 'aves_aa_4R_1415_0029', 'aves_aa_4R_1417_0031', 'aves_aa_4R_1419_0005', 'aves_aa_4R_1420_0017', 'aves_aa_4R_1422_0017', 'aves_aa_4R_1424_0017', 'aves_aa_4R_1426_0005']",
"['aves_aa_4R_1401_0031', 'aves_aa_4R_1404_0031', 'aves_aa_4R_1408_0031']",
"['aves_aa_4R_1401_0032', 'aves_aa_4R_1405_0032', 'aves_aa_4R_1409_0032']",
"['aves_aa_4R_1401_0033', 'aves_aa_4R_1408_0033']",
['aves_aa_4R_1401_0034'],
"['aves_aa_4R_1401_0035', 'aves_aa_4R_1406_0035', 'aves_aa_4R_1416_0035', 'aves_aa_4R_1424_0022']",
"['aves_aa_4R_1401_0036', 'aves_aa_4R_1402_0035', 'aves_aa_4R_1409_0036', 'aves_aa_4R_1413_0036', 'aves_aa_4R_1423_0023']",
"['aves_aa_4R_1401_0037', 'aves_aa_4R_1410_0037', 'aves_aa_4R_1414_0037', 'aves_aa_4R_1419_0037']",
"['aves_aa_4R_1401_0038', 'aves_aa_4R_1410_0038', 'aves_aa_4R_1420_0025', 'aves_aa_4R_1423_0025', 'aves_aa_4R_1427_0024', 'aves_aa_4R_1430_0024', 'aves_aa_4R_1434_0024']",
['aves_aa_4R_1401_0039'],
"['aves_aa_4R_1401_0040', 'aves_aa_4R_1402_0039']",
"['aves_aa_4R_1401_0041', 'aves_aa_4R_1405_0041', 'aves_aa_4R_1410_0041', 'aves_aa_4R_1413_0040', 'aves_aa_4R_1415_0040', 'aves_aa_4R_1422_0028', 'aves_aa_4R_1427_0027']",
"['aves_aa_4R_1401_0042', 'aves_aa_4R_1403_0042']",
['aves_aa_4R_1401_0043'],
['aves_aa_4R_1401_0044'],
['aves_aa_4R_1401_0045'],
['aves_aa_4R_1401_0046'],
['aves_aa_4R_1401_0047'],
['aves_aa_4R_1401_0048'],
"['aves_aa_4R_1401_0049', 'aves_aa_4R_1413_0048']",
"['aves_aa_4R_1401_0050', 'aves_aa_4R_1409_0050', 'aves_aa_4R_1415_0049']",
"['aves_aa_4R_1401_0051', 'aves_aa_4R_1417_0052']",
"['aves_aa_4R_1401_0052', 'aves_aa_4R_1406_0051', 'aves_aa_4R_1413_0051', 'aves_aa_4R_1423_0039']",
['aves_aa_4R_1401_0053'],
['aves_aa_4R_1401_0054'],
['aves_aa_4R_1401_0055'],
"['aves_aa_4R_1401_0056', 'aves_aa_4R_1404_0056', 'aves_aa_4R_1406_0055', 'aves_aa_4R_1408_0056', 'aves_aa_4R_1410_0056', 'aves_aa_4R_1412_0056', 'aves_aa_4R_1414_0056', 'aves_aa_4R_1416_0056', 'aves_aa_4R_1419_0056', 'aves_aa_4R_1422_0043', 'aves_aa_4R_1424_0043']",
"['aves_aa_4R_1401_0057', 'aves_aa_4R_1403_0057', 'aves_aa_4R_1405_0057', 'aves_aa_4R_1410_0057']",
"['aves_aa_4R_1402_0029', 'aves_aa_4R_1404_0030', 'aves_aa_4R_1416_0030', 'aves_aa_4R_1418_0030', 'aves_aa_4R_1423_0017']",
['aves_aa_4R_1402_0030'],
['aves_aa_4R_1402_0032'],
['aves_aa_4R_1402_0033'],
['aves_aa_4R_1402_0034'],
"['aves_aa_4R_1402_0036', 'aves_aa_4R_1408_0037', 'aves_aa_4R_1411_0036']",
"['aves_aa_4R_1402_0037', 'aves_aa_4R_1406_0038', 'aves_aa_4R_1409_0038', 'aves_aa_4R_1412_0038', 'aves_aa_4R_1414_0038', 'aves_aa_4R_1419_0038']",
"['aves_aa_4R_1402_0038', 'aves_aa_4R_1405_0039']",
"['aves_aa_4R_1402_0040', 'aves_aa_4R_1405_0042', 'aves_aa_4R_1410_0042']",
['aves_aa_4R_1402_0043'],
['aves_aa_4R_1402_0044'],
['aves_aa_4R_1402_0045'],
['aves_aa_4R_1402_0046'],
['aves_aa_4R_1402_0047'],
"['aves_aa_4R_1402_0048', 'aves_aa_4R_1424_0036']",
"['aves_aa_4R_1402_0049', 'aves_aa_4R_1408_0050']",
"['aves_aa_4R_1402_0051', 'aves_aa_4R_1409_0052', 'aves_aa_4R_1412_0052', 'aves_aa_4R_1422_0039', 'aves_aa_4R_1434_0038']",
['aves_aa_4R_1402_0052'],
"['aves_aa_4R_1402_0053', 'aves_aa_4R_1404_0054', 'aves_aa_4R_1408_0054']",
"['aves_aa_4R_1402_0054', 'aves_aa_4R_1406_0054']",
['aves_aa_4R_1402_0055'],
"['aves_aa_4R_1403_0005', 'aves_aa_4R_1405_0033', 'aves_aa_4R_1407_0005', 'aves_aa_4R_1409_0033', 'aves_aa_4R_1411_0005', 'aves_aa_4R_1413_0033', 'aves_aa_4R_1415_0032', 'aves_aa_4R_1417_0034', 'aves_aa_4R_1419_0033']",
"['aves_aa_4R_1403_0031', 'aves_aa_4R_1410_0031', 'aves_aa_4R_1413_0031', 'aves_aa_4R_1422_0018', 'aves_aa_4R_1424_0005', 'aves_aa_4R_1425_0018', 'aves_aa_4R_1427_0017', 'aves_aa_4R_1429_0017', 'aves_aa_4R_1431_0017', 'aves_aa_4R_1433_0017', 'aves_aa_4R_1434_0005', 'aves_aa_4R_1436_0017', 'aves_aa_4R_1438_0017', 'aves_aa_4R_1440_0017', 'aves_aa_4R_1441_0005', 'aves_aa_4R_1443_0017', 'aves_aa_4R_1445_0018', 'aves_aa_4R_1447_0017']",
"['aves_aa_4R_1403_0032', 'aves_aa_4R_1406_0032', 'aves_aa_4R_1413_0032', 'aves_aa_4R_1415_0031']",
['aves_aa_4R_1403_0033'],
['aves_aa_4R_1403_0034'],
['aves_aa_4R_1403_0035'],
"['aves_aa_4R_1403_0036', 'aves_aa_4R_1411_0035']",
"['aves_aa_4R_1403_0037', 'aves_aa_4R_1409_0037', 'aves_aa_4R_1416_0037', 'aves_aa_4R_1420_0024']",
['aves_aa_4R_1403_0038'],
['aves_aa_4R_1403_0039'],
"['aves_aa_4R_1403_0041', 'aves_aa_4R_1408_0041']",
['aves_aa_4R_1403_0043'],
"['aves_aa_4R_1403_0044', 'aves_aa_4R_1406_0043', 'aves_aa_4R_1409_0044', 'aves_aa_4R_1412_0045']",
['aves_aa_4R_1403_0045'],
"['aves_aa_4R_1403_0046', 'aves_aa_4R_1410_0005', 'aves_aa_4R_1412_0046', 'aves_aa_4R_1414_0005', 'aves_aa_4R_1416_0046', 'aves_aa_4R_1418_0046']",
"['aves_aa_4R_1403_0047', 'aves_aa_4R_1415_0046']",
"['aves_aa_4R_1403_0048', 'aves_aa_4R_1406_0047', 'aves_aa_4R_1419_0048']",
"['aves_aa_4R_1403_0049', 'aves_aa_4R_1405_0049', 'aves_aa_4R_1415_0048']",
"['aves_aa_4R_1403_0050', 'aves_aa_4R_1417_0051']",
['aves_aa_4R_1403_0051'],
['aves_aa_4R_1403_0052'],
"['aves_aa_4R_1403_0054', 'aves_aa_4R_1416_0054', 'aves_aa_4R_1420_0041']",
['aves_aa_4R_1403_0056'],
['aves_aa_4R_1404_0032'],
['aves_aa_4R_1404_0033'],
['aves_aa_4R_1404_0034'],
"['aves_aa_4R_1404_0036', 'aves_aa_4R_1408_0036', 'aves_aa_4R_1422_0023', 'aves_aa_4R_1425_0023', 'aves_aa_4R_1430_0022']",
['aves_aa_4R_1404_0038'],
['aves_aa_4R_1404_0039'],
['aves_aa_4R_1404_0040'],
"['aves_aa_4R_1404_0041', 'aves_aa_4R_1409_0041']",
['aves_aa_4R_1404_0042'],
"['aves_aa_4R_1404_0044', 'aves_aa_4R_1410_0044', 'aves_aa_4R_1414_0044', 'aves_aa_4R_1417_0045', 'aves_aa_4R_1420_0031', 'aves_aa_4R_1423_0031', 'aves_aa_4R_1431_0030', 'aves_aa_4R_1434_0030']",
"['aves_aa_4R_1404_0046', 'aves_aa_4R_1414_0046']",
"['aves_aa_4R_1404_0049', 'aves_aa_4R_1414_0049']",
"['aves_aa_4R_1404_0051', 'aves_aa_4R_1409_0051', 'aves_aa_4R_1411_0050', 'aves_aa_4R_1423_0038']",
['aves_aa_4R_1404_0052'],
"['aves_aa_4R_1404_0053', 'aves_aa_4R_1408_0053', 'aves_aa_4R_1411_0052']",
"['aves_aa_4R_1404_0055', 'aves_aa_4R_1409_0055', 'aves_aa_4R_1412_0055', 'aves_aa_4R_1416_0055', 'aves_aa_4R_1418_0055']",
"['aves_aa_4R_1405_0030', 'aves_aa_4R_1412_0030']",
"['aves_aa_4R_1405_0031', 'aves_aa_4R_1409_0031', 'aves_aa_4R_1419_0031', 'aves_aa_4R_1426_0017']",
"['aves_aa_4R_1405_0034', 'aves_aa_4R_1408_0034']",
['aves_aa_4R_1405_0035'],
"['aves_aa_4R_1405_0036', 'aves_aa_4R_1436_0022', 'aves_aa_4R_1438_0022']",
['aves_aa_4R_1405_0037'],
['aves_aa_4R_1405_0038'],
"['aves_aa_4R_1405_0043', 'aves_aa_4R_1413_0042']",
"['aves_aa_4R_1405_0045', 'aves_aa_4R_1409_0045', 'aves_aa_4R_1411_0044', 'aves_aa_4R_1415_0044', 'aves_aa_4R_1417_0005']",
"['aves_aa_4R_1405_0046', 'aves_aa_4R_1409_0046', 'aves_aa_4R_1413_0045', 'aves_aa_4R_1415_0045', 'aves_aa_4R_1419_0046', 'aves_aa_4R_1422_0005', 'aves_aa_4R_1423_0033', 'aves_aa_4R_1425_0033', 'aves_aa_4R_1427_0032', 'aves_aa_4R_1429_0005', 'aves_aa_4R_1431_0032', 'aves_aa_4R_1433_0032', 'aves_aa_4R_1435_0032', 'aves_aa_4R_1437_0032', 'aves_aa_4R_1439_0005']",
['aves_aa_4R_1405_0047'],
"['aves_aa_4R_1405_0048', 'aves_aa_4R_1408_0048', 'aves_aa_4R_1412_0048', 'aves_aa_4R_1421_0035', 'aves_aa_4R_1426_0034', 'aves_aa_4R_1435_0034', 'aves_aa_4R_1444_0034']",
['aves_aa_4R_1405_0050'],
['aves_aa_4R_1405_0051'],
['aves_aa_4R_1405_0054'],
"['aves_aa_4R_1406_0030', 'aves_aa_4R_1410_0030', 'aves_aa_4R_1431_0016']",
"['aves_aa_4R_1406_0031', 'aves_aa_4R_1416_0031']",
"['aves_aa_4R_1406_0034', 'aves_aa_4R_1409_0034', 'aves_aa_4R_1412_0034', 'aves_aa_4R_1418_0034', 'aves_aa_4R_1423_0005', 'aves_aa_4R_1424_0021', 'aves_aa_4R_1426_0019', 'aves_aa_4R_1428_0019', 'aves_aa_4R_1430_0005', 'aves_aa_4R_1434_0019', 'aves_aa_4R_1437_0019', 'aves_aa_4R_1439_0019', 'aves_aa_4R_1440_0005', 'aves_aa_4R_1442_0019', 'aves_aa_4R_1444_0019', 'aves_aa_4R_1446_0005']",
"['aves_aa_4R_1406_0036', 'aves_aa_4R_1416_0036', 'aves_aa_4R_1418_0036']",
['aves_aa_4R_1406_0037'],
"['aves_aa_4R_1406_0039', 'aves_aa_4R_1409_0039', 'aves_aa_4R_1413_0038']",
"['aves_aa_4R_1406_0040', 'aves_aa_4R_1412_0005', 'aves_aa_4R_1414_0040']",
"['aves_aa_4R_1406_0041', 'aves_aa_4R_1412_0041', 'aves_aa_4R_1421_0028']",
"['aves_aa_4R_1406_0042', 'aves_aa_4R_1409_0042']",
"['aves_aa_4R_1406_0044', 'aves_aa_4R_1420_0032']",
['aves_aa_4R_1406_0046'],
['aves_aa_4R_1406_0048'],
"['aves_aa_4R_1406_0050', 'aves_aa_4R_1426_0037']",
['aves_aa_4R_1406_0052'],
"['aves_aa_4R_1406_0056', 'aves_aa_4R_1409_0057']",
['aves_aa_4R_1408_0030'],
"['aves_aa_4R_1408_0035', 'aves_aa_4R_1410_0035', 'aves_aa_4R_1413_0035']",
['aves_aa_4R_1408_0038'],
"['aves_aa_4R_1408_0039', 'aves_aa_4R_1412_0039', 'aves_aa_4R_1422_0026', 'aves_aa_4R_1429_0025', 'aves_aa_4R_1442_0025', 'aves_aa_4R_1446_0025']",
"['aves_aa_4R_1408_0040', 'aves_aa_4R_1416_0005', 'aves_aa_4R_1418_0040']",
"['aves_aa_4R_1408_0042', 'aves_aa_4R_1427_0028']",
"['aves_aa_4R_1408_0043', 'aves_aa_4R_1410_0043']",
['aves_aa_4R_1408_0046'],
"['aves_aa_4R_1408_0049', 'aves_aa_4R_1412_0049', 'aves_aa_4R_1420_0036', 'aves_aa_4R_1444_0035']",
['aves_aa_4R_1408_0051'],
"['aves_aa_4R_1408_0052', 'aves_aa_4R_1411_0051']",
"['aves_aa_4R_1408_0055', 'aves_aa_4R_1411_0054', 'aves_aa_4R_1413_0054', 'aves_aa_4R_1415_0054', 'aves_aa_4R_1417_0056', 'aves_aa_4R_1419_0055', 'aves_aa_4R_1423_0044']",
['aves_aa_4R_1408_0057'],
"['aves_aa_4R_1409_0030', 'aves_aa_4R_1426_0016']",
"['aves_aa_4R_1409_0035', 'aves_aa_4R_1412_0035']",
['aves_aa_4R_1409_0043'],
['aves_aa_4R_1409_0047'],
"['aves_aa_4R_1409_0048', 'aves_aa_4R_1416_0048']",
"['aves_aa_4R_1409_0049', 'aves_aa_4R_1417_0050']",
"['aves_aa_4R_1409_0053', 'aves_aa_4R_1416_0053', 'aves_aa_4R_1417_0006', 'aves_aa_4R_1418_0053', 'aves_aa_4R_1419_0053', 'aves_aa_4R_1421_0040', 'aves_aa_4R_1423_0040', 'aves_aa_4R_1425_0040', 'aves_aa_4R_1427_0005', 'aves_aa_4R_1429_0039', 'aves_aa_4R_1431_0039', 'aves_aa_4R_1433_0039', 'aves_aa_4R_1435_0039']",
"['aves_aa_4R_1409_0054', 'aves_aa_4R_1417_0055', 'aves_aa_4R_1422_0041']",
['aves_aa_4R_1410_0034'],
"['aves_aa_4R_1410_0036', 'aves_aa_4R_1412_0036']",
"['aves_aa_4R_1410_0039', 'aves_aa_4R_1415_0038']",
"['aves_aa_4R_1410_0040', 'aves_aa_4R_1417_0041', 'aves_aa_4R_1429_0026', 'aves_aa_4R_1434_0026']",
['aves_aa_4R_1410_0045'],
['aves_aa_4R_1410_0046'],
['aves_aa_4R_1410_0047'],
['aves_aa_4R_1410_0048'],
"['aves_aa_4R_1410_0049', 'aves_aa_4R_1418_0049', 'aves_aa_4R_1422_0036']",
"['aves_aa_4R_1410_0051', 'aves_aa_4R_1424_0038', 'aves_aa_4R_1428_0037', 'aves_aa_4R_1431_0037', 'aves_aa_4R_1437_0037', 'aves_aa_4R_1442_0037']",
['aves_aa_4R_1410_0052'],
['aves_aa_4R_1410_0053'],
['aves_aa_4R_1410_0054'],
"['aves_aa_4R_1411_0030', 'aves_aa_4R_1414_0031']",
"['aves_aa_4R_1411_0031', 'aves_aa_4R_1414_0032']",
"['aves_aa_4R_1411_0032', 'aves_aa_4R_1421_0020', 'aves_aa_4R_1426_0020', 'aves_aa_4R_1435_0020']",
"['aves_aa_4R_1411_0033', 'aves_aa_4R_1423_0021']",
['aves_aa_4R_1411_0034'],
"['aves_aa_4R_1411_0037', 'aves_aa_4R_1417_0039', 'aves_aa_4R_1426_0024', 'aves_aa_4R_1429_0024', 'aves_aa_4R_1433_0024', 'aves_aa_4R_1436_0024', 'aves_aa_4R_1438_0024']",
['aves_aa_4R_1411_0038'],
"['aves_aa_4R_1411_0040', 'aves_aa_4R_1417_0042']",
"['aves_aa_4R_1411_0041', 'aves_aa_4R_1414_0042']",
['aves_aa_4R_1411_0042'],
"['aves_aa_4R_1411_0045', 'aves_aa_4R_1417_0047', 'aves_aa_4R_1422_0033', 'aves_aa_4R_1426_0032', 'aves_aa_4R_1434_0032', 'aves_aa_4R_1438_0032', 'aves_aa_4R_1442_0032']",
"['aves_aa_4R_1411_0046', 'aves_aa_4R_1427_0033']",
"['aves_aa_4R_1411_0047', 'aves_aa_4R_1442_0034']",
"['aves_aa_4R_1411_0048', 'aves_aa_4R_1419_0049']",
"['aves_aa_4R_1411_0049', 'aves_aa_4R_1424_0037']",
"['aves_aa_4R_1411_0053', 'aves_aa_4R_1414_0054', 'aves_aa_4R_1425_0041', 'aves_aa_4R_1429_0040']",
['aves_aa_4R_1411_0055'],
['aves_aa_4R_1411_0056'],
['aves_aa_4R_1412_0031'],
['aves_aa_4R_1412_0032'],
"['aves_aa_4R_1412_0033', 'aves_aa_4R_1423_0020', 'aves_aa_4R_1436_0020']",
['aves_aa_4R_1412_0037'],
['aves_aa_4R_1412_0040'],
"['aves_aa_4R_1412_0042', 'aves_aa_4R_1415_0041']",
['aves_aa_4R_1412_0043'],
"['aves_aa_4R_1412_0044', 'aves_aa_4R_1426_0031', 'aves_aa_4R_1434_0031']",
['aves_aa_4R_1412_0047'],
"['aves_aa_4R_1412_0051', 'aves_aa_4R_1414_0051']",
"['aves_aa_4R_1412_0053', 'aves_aa_4R_1417_0054']",
"['aves_aa_4R_1412_0054', 'aves_aa_4R_1418_0054']",
['aves_aa_4R_1412_0057'],
['aves_aa_4R_1413_0030'],
"['aves_aa_4R_1413_0034', 'aves_aa_4R_1421_0021']",
"['aves_aa_4R_1413_0037', 'aves_aa_4R_1415_0037', 'aves_aa_4R_1418_0038']",
"['aves_aa_4R_1413_0039', 'aves_aa_4R_1419_0040']",
['aves_aa_4R_1413_0041'],
['aves_aa_4R_1413_0043'],
"['aves_aa_4R_1413_0044', 'aves_aa_4R_1416_0045']",
['aves_aa_4R_1413_0047'],
"['aves_aa_4R_1413_0049', 'aves_aa_4R_1418_0050', 'aves_aa_4R_1430_0036', 'aves_aa_4R_1434_0036', 'aves_aa_4R_1440_0036', 'aves_aa_4R_1446_0036']",
['aves_aa_4R_1413_0053'],
['aves_aa_4R_1413_0056'],
"['aves_aa_4R_1414_0030', 'aves_aa_4R_1437_0016']",
['aves_aa_4R_1414_0033'],
['aves_aa_4R_1414_0034'],
"['aves_aa_4R_1414_0035', 'aves_aa_4R_1420_0005', 'aves_aa_4R_1421_0022', 'aves_aa_4R_1423_0022']",
['aves_aa_4R_1414_0036'],
"['aves_aa_4R_1414_0039', 'aves_aa_4R_1420_0026', 'aves_aa_4R_1427_0025', 'aves_aa_4R_1436_0025']",
"['aves_aa_4R_1414_0041', 'aves_aa_4R_1418_0041', 'aves_aa_4R_1420_0028', 'aves_aa_4R_1431_0027']",
"['aves_aa_4R_1414_0043', 'aves_aa_4R_1416_0043', 'aves_aa_4R_1418_0043', 'aves_aa_4R_1420_0030', 'aves_aa_4R_1422_0030', 'aves_aa_4R_1434_0029', 'aves_aa_4R_1436_0029']",
"['aves_aa_4R_1414_0045', 'aves_aa_4R_1418_0045', 'aves_aa_4R_1428_0031']",
['aves_aa_4R_1414_0047'],
"['aves_aa_4R_1414_0048', 'aves_aa_4R_1423_0035']",
"['aves_aa_4R_1414_0053', 'aves_aa_4R_1426_0039']",
['aves_aa_4R_1414_0057'],
"['aves_aa_4R_1415_0005', 'aves_aa_4R_1417_0033', 'aves_aa_4R_1419_0032', 'aves_aa_4R_1421_0005', 'aves_aa_4R_1422_0019', 'aves_aa_4R_1424_0019', 'aves_aa_4R_1426_0018', 'aves_aa_4R_1428_0018', 'aves_aa_4R_1430_0018', 'aves_aa_4R_1433_0018', 'aves_aa_4R_1436_0018']",
"['aves_aa_4R_1415_0030', 'aves_aa_4R_1418_0031']",
"['aves_aa_4R_1415_0033', 'aves_aa_4R_1419_0034', 'aves_aa_4R_1422_0021', 'aves_aa_4R_1430_0019']",
"['aves_aa_4R_1415_0035', 'aves_aa_4R_1424_0023']",
"['aves_aa_4R_1415_0036', 'aves_aa_4R_1418_0037', 'aves_aa_4R_1424_0024', 'aves_aa_4R_1433_0023']",
['aves_aa_4R_1415_0039'],
"['aves_aa_4R_1415_0042', 'aves_aa_4R_1417_0044']",
"['aves_aa_4R_1415_0043', 'aves_aa_4R_1429_0030', 'aves_aa_4R_1436_0030', 'aves_aa_4R_1442_0030', 'aves_aa_4R_1449_0030']",
"['aves_aa_4R_1415_0047', 'aves_aa_4R_1422_0035', 'aves_aa_4R_1429_0034']",
"['aves_aa_4R_1415_0050', 'aves_aa_4R_1419_0051']",
['aves_aa_4R_1415_0051'],
['aves_aa_4R_1415_0052'],
['aves_aa_4R_1415_0053'],
"['aves_aa_4R_1415_0056', 'aves_aa_4R_1417_0058', 'aves_aa_4R_1420_0044', 'aves_aa_4R_1423_0043']",
['aves_aa_4R_1416_0032'],
"['aves_aa_4R_1416_0033', 'aves_aa_4R_1425_0021', 'aves_aa_4R_1431_0020', 'aves_aa_4R_1439_0020', 'aves_aa_4R_1445_0021', 'aves_aa_4R_1448_0020']",
"['aves_aa_4R_1416_0034', 'aves_aa_4R_1420_0021', 'aves_aa_4R_1427_0019', 'aves_aa_4R_1440_0019']",
['aves_aa_4R_1416_0038'],
"['aves_aa_4R_1416_0039', 'aves_aa_4R_1443_0025']",
['aves_aa_4R_1416_0040'],
"['aves_aa_4R_1416_0041', 'aves_aa_4R_1419_0041']",
"['aves_aa_4R_1416_0042', 'aves_aa_4R_1425_0029']",
['aves_aa_4R_1416_0044'],
"['aves_aa_4R_1416_0047', 'aves_aa_4R_1424_0034', 'aves_aa_4R_1429_0033', 'aves_aa_4R_1436_0033', 'aves_aa_4R_1444_0033', 'aves_aa_4R_1449_0033', 'aves_aa_4R_1453_0033', 'aves_aa_4R_1458_0033', 'aves_aa_4R_1459_0033', 'aves_aa_4R_1466_0032', 'aves_aa_4R_1467_0032', 'aves_aa_4R_1472_0033', 'aves_aa_4R_1473_0034']",
"['aves_aa_4R_1416_0049', 'aves_aa_4R_1428_0035', 'aves_aa_4R_1448_0035', 'aves_aa_4R_1450_0035']",
['aves_aa_4R_1416_0052'],
"['aves_aa_4R_1416_0057', 'aves_aa_4R_1419_0057']",
"['aves_aa_4R_1417_0032', 'aves_aa_4R_1420_0018']",
['aves_aa_4R_1417_0035'],
"['aves_aa_4R_1417_0036', 'aves_aa_4R_1426_0021']",
"['aves_aa_4R_1417_0037', 'aves_aa_4R_1420_0023', 'aves_aa_4R_1426_0022', 'aves_aa_4R_1429_0022', 'aves_aa_4R_1431_0022', 'aves_aa_4R_1433_0005', 'aves_aa_4R_1435_0022', 'aves_aa_4R_1437_0022', 'aves_aa_4R_1439_0022', 'aves_aa_4R_1441_0022', 'aves_aa_4R_1443_0022']",
"['aves_aa_4R_1417_0038', 'aves_aa_4R_1429_0023']",
['aves_aa_4R_1417_0040'],
['aves_aa_4R_1417_0043'],
['aves_aa_4R_1417_0046'],
['aves_aa_4R_1417_0049'],
"['aves_aa_4R_1417_0053', 'aves_aa_4R_1420_0039']",
"['aves_aa_4R_1417_0057', 'aves_aa_4R_1425_0043']",
"['aves_aa_4R_1418_0032', 'aves_aa_4R_1420_0019']",
"['aves_aa_4R_1418_0035', 'aves_aa_4R_1425_0022']",
['aves_aa_4R_1418_0039'],
['aves_aa_4R_1418_0042'],
['aves_aa_4R_1418_0044'],
"['aves_aa_4R_1418_0047', 'aves_aa_4R_1422_0034', 'aves_aa_4R_1426_0033', 'aves_aa_4R_1430_0033', 'aves_aa_4R_1434_0033']",
"['aves_aa_4R_1418_0048', 'aves_aa_4R_1427_0034', 'aves_aa_4R_1431_0034', 'aves_aa_4R_1436_0034']",
"['aves_aa_4R_1418_0051', 'aves_aa_4R_1420_0038', 'aves_aa_4R_1422_0038', 'aves_aa_4R_1425_0038', 'aves_aa_4R_1427_0037', 'aves_aa_4R_1430_0037']",
"['aves_aa_4R_1418_0052', 'aves_aa_4R_1426_0038', 'aves_aa_4R_1437_0038']",
['aves_aa_4R_1418_0056'],
['aves_aa_4R_1418_0057'],
['aves_aa_4R_1419_0030'],
['aves_aa_4R_1419_0036'],
['aves_aa_4R_1419_0039'],
['aves_aa_4R_1419_0042'],
"['aves_aa_4R_1419_0043', 'aves_aa_4R_1421_0030']",
['aves_aa_4R_1419_0044'],
"['aves_aa_4R_1419_0045', 'aves_aa_4R_1425_0032', 'aves_aa_4R_1431_0005', 'aves_aa_4R_1433_0031', 'aves_aa_4R_1435_0031', 'aves_aa_4R_1437_0031']",
"['aves_aa_4R_1419_0047', 'aves_aa_4R_1423_0034', 'aves_aa_4R_1431_0033']",
['aves_aa_4R_1419_0050'],
['aves_aa_4R_1419_0052'],
['aves_aa_4R_1419_0054'],
['aves_aa_4R_1420_0020'],
"['aves_aa_4R_1420_0022', 'aves_aa_4R_1429_0021', 'aves_aa_4R_1434_0021', 'aves_aa_4R_1435_0005', 'aves_aa_4R_1437_0021']",
['aves_aa_4R_1420_0027'],
['aves_aa_4R_1420_0029'],
['aves_aa_4R_1420_0033'],
['aves_aa_4R_1420_0034'],
"['aves_aa_4R_1420_0035', 'aves_aa_4R_1424_0035']",
"['aves_aa_4R_1420_0040', 'aves_aa_4R_1434_0039', 'aves_aa_4R_1441_0039', 'aves_aa_4R_1445_0040']",
"['aves_aa_4R_1420_0042', 'aves_aa_4R_1422_0042', 'aves_aa_4R_1424_0042', 'aves_aa_4R_1426_0041', 'aves_aa_4R_1428_0041', 'aves_aa_4R_1431_0041']",
['aves_aa_4R_1421_0017'],
['aves_aa_4R_1421_0018'],
"['aves_aa_4R_1421_0019', 'aves_aa_4R_1435_0018', 'aves_aa_4R_1438_0018']",
['aves_aa_4R_1421_0023'],
"['aves_aa_4R_1421_0025', 'aves_aa_4R_1425_0025', 'aves_aa_4R_1435_0024', 'aves_aa_4R_1437_0024', 'aves_aa_4R_1440_0024', 'aves_aa_4R_1442_0024', 'aves_aa_4R_1446_0024', 'aves_aa_4R_1450_0024', 'aves_aa_4R_1454_0024']",
"['aves_aa_4R_1421_0026', 'aves_aa_4R_1433_0025', 'aves_aa_4R_1441_0025', 'aves_aa_4R_1447_0025']",
['aves_aa_4R_1421_0027'],
"['aves_aa_4R_1421_0029', 'aves_aa_4R_1423_0029', 'aves_aa_4R_1431_0028', 'aves_aa_4R_1433_0028', 'aves_aa_4R_1436_0028', 'aves_aa_4R_1439_0028', 'aves_aa_4R_1443_0028', 'aves_aa_4R_1446_0028', 'aves_aa_4R_1450_0028']",
"['aves_aa_4R_1421_0031', 'aves_aa_4R_1433_0030', 'aves_aa_4R_1441_0030']",
"['aves_aa_4R_1421_0032', 'aves_aa_4R_1429_0031', 'aves_aa_4R_1439_0031']",
['aves_aa_4R_1421_0033'],
['aves_aa_4R_1421_0034'],
"['aves_aa_4R_1421_0036', 'aves_aa_4R_1427_0035']",
['aves_aa_4R_1421_0037'],
['aves_aa_4R_1421_0038'],
['aves_aa_4R_1421_0039'],
"['aves_aa_4R_1421_0041', 'aves_aa_4R_1424_0041']",
"['aves_aa_4R_1421_0042', 'aves_aa_4R_1427_0041', 'aves_aa_4R_1429_0041']",
"['aves_aa_4R_1421_0043', 'aves_aa_4R_1444_0042', 'aves_aa_4R_1447_0042']",
"['aves_aa_4R_1421_0044', 'aves_aa_4R_1424_0044', 'aves_aa_4R_1430_0043', 'aves_aa_4R_1439_0043']",
"['aves_aa_4R_1422_0022', 'aves_aa_4R_1431_0021', 'aves_aa_4R_1436_0021', 'aves_aa_4R_1439_0021', 'aves_aa_4R_1444_0021', 'aves_aa_4R_1449_0021', 'aves_aa_4R_1456_0021']",
"['aves_aa_4R_1422_0024', 'aves_aa_4R_1435_0023', 'aves_aa_4R_1439_0023']",
['aves_aa_4R_1422_0025'],
['aves_aa_4R_1422_0027'],
['aves_aa_4R_1422_0029'],
"['aves_aa_4R_1422_0031', 'aves_aa_4R_1425_0031', 'aves_aa_4R_1439_0030', 'aves_aa_4R_1444_0030']",
['aves_aa_4R_1422_0032'],
"['aves_aa_4R_1422_0037', 'aves_aa_4R_1423_0037', 'aves_aa_4R_1429_0036', 'aves_aa_4R_1433_0036', 'aves_aa_4R_1436_0036', 'aves_aa_4R_1437_0005', 'aves_aa_4R_1439_0036', 'aves_aa_4R_1441_0036', 'aves_aa_4R_1443_0005', 'aves_aa_4R_1445_0037', 'aves_aa_4R_1447_0036', 'aves_aa_4R_1449_0005']",
"['aves_aa_4R_1422_0040', 'aves_aa_4R_1430_0039']",
['aves_aa_4R_1422_0044'],
"['aves_aa_4R_1423_0018', 'aves_aa_4R_1428_0017']",
"['aves_aa_4R_1423_0019', 'aves_aa_4R_1439_0018']",
"['aves_aa_4R_1423_0024', 'aves_aa_4R_1427_0023']",
"['aves_aa_4R_1423_0026', 'aves_aa_4R_1438_0025']",
"['aves_aa_4R_1423_0027', 'aves_aa_4R_1433_0026', 'aves_aa_4R_1438_0026']",
['aves_aa_4R_1423_0028'],
"['aves_aa_4R_1423_0030', 'aves_aa_4R_1425_0030']",
"['aves_aa_4R_1423_0032', 'aves_aa_4R_1443_0031', 'aves_aa_4R_1445_0032']",
['aves_aa_4R_1423_0036'],
"['aves_aa_4R_1423_0041', 'aves_aa_4R_1430_0040', 'aves_aa_4R_1434_0040']",
['aves_aa_4R_1423_0042'],
"['aves_aa_4R_1424_0018', 'aves_aa_4R_1430_0017', 'aves_aa_4R_1434_0017', 'aves_aa_4R_1437_0017', 'aves_aa_4R_1441_0017', 'aves_aa_4R_1444_0017', 'aves_aa_4R_1448_0017', 'aves_aa_4R_1451_0017', 'aves_aa_4R_1458_0017', 'aves_aa_4R_1459_0017', 'aves_aa_4R_1462_0017', 'aves_aa_4R_1463_0016', 'aves_aa_4R_1466_0016']",
"['aves_aa_4R_1424_0020', 'aves_aa_4R_1430_0020', 'aves_aa_4R_1433_0020', 'aves_aa_4R_1436_0005', 'aves_aa_4R_1438_0020', 'aves_aa_4R_1440_0020', 'aves_aa_4R_1442_0020', 'aves_aa_4R_1444_0020', 'aves_aa_4R_1446_0020', 'aves_aa_4R_1447_0005', 'aves_aa_4R_1449_0020', 'aves_aa_4R_1451_0020', 'aves_aa_4R_1453_0020', 'aves_aa_4R_1455_0005']",
"['aves_aa_4R_1424_0025', 'aves_aa_4R_1431_0024']",
"['aves_aa_4R_1424_0026', 'aves_aa_4R_1426_0025', 'aves_aa_4R_1431_0025']",
"['aves_aa_4R_1424_0027', 'aves_aa_4R_1428_0026', 'aves_aa_4R_1432_0005', 'aves_aa_4R_1435_0026', 'aves_aa_4R_1437_0026', 'aves_aa_4R_1438_0005', 'aves_aa_4R_1440_0026', 'aves_aa_4R_1442_0026', 'aves_aa_4R_1444_0005', 'aves_aa_4R_1446_0026', 'aves_aa_4R_1448_0026', 'aves_aa_4R_1450_0005', 'aves_aa_4R_1452_0026', 'aves_aa_4R_1454_0026', 'aves_aa_4R_1456_0005', 'aves_aa_4R_1458_0026', 'aves_aa_4R_1459_0026']",
"['aves_aa_4R_1424_0028', 'aves_aa_4R_1428_0027', 'aves_aa_4R_1436_0027', 'aves_aa_4R_1444_0027']",
['aves_aa_4R_1424_0029'],
['aves_aa_4R_1424_0030'],
['aves_aa_4R_1424_0031'],
['aves_aa_4R_1424_0032'],
"['aves_aa_4R_1424_0033', 'aves_aa_4R_1429_0032', 'aves_aa_4R_1441_0032']",
['aves_aa_4R_1424_0040'],
"['aves_aa_4R_1425_0005', 'aves_aa_4R_1426_0026', 'aves_aa_4R_1427_0026', 'aves_aa_4R_1453_0026', 'aves_aa_4R_1462_0005', 'aves_aa_4R_1464_0025', 'aves_aa_4R_1465_0025', 'aves_aa_4R_1468_0005']",
"['aves_aa_4R_1425_0017', 'aves_aa_4R_1428_0005', 'aves_aa_4R_1430_0016', 'aves_aa_4R_1434_0016', 'aves_aa_4R_1436_0016', 'aves_aa_4R_1438_0016', 'aves_aa_4R_1440_0016', 'aves_aa_4R_1442_0016', 'aves_aa_4R_1444_0016', 'aves_aa_4R_1445_0005']",
['aves_aa_4R_1425_0020'],
['aves_aa_4R_1425_0024'],
"['aves_aa_4R_1425_0026', 'aves_aa_4R_1434_0025', 'aves_aa_4R_1439_0025', 'aves_aa_4R_1445_0026', 'aves_aa_4R_1450_0025', 'aves_aa_4R_1453_0025']",
"['aves_aa_4R_1425_0027', 'aves_aa_4R_1436_0026', 'aves_aa_4R_1441_0026']",
"['aves_aa_4R_1425_0028', 'aves_aa_4R_1433_0027', 'aves_aa_4R_1439_0027']",
['aves_aa_4R_1425_0034'],
"['aves_aa_4R_1425_0035', 'aves_aa_4R_1434_0034']",
['aves_aa_4R_1425_0036'],
['aves_aa_4R_1425_0037'],
['aves_aa_4R_1425_0039'],
['aves_aa_4R_1425_0042'],
"['aves_aa_4R_1425_0044', 'aves_aa_4R_1434_0043']",
['aves_aa_4R_1426_0023'],
"['aves_aa_4R_1426_0027', 'aves_aa_4R_1430_0027', 'aves_aa_4R_1434_0027']",
"['aves_aa_4R_1426_0028', 'aves_aa_4R_1430_0028']",
"['aves_aa_4R_1426_0029', 'aves_aa_4R_1428_0029', 'aves_aa_4R_1430_0029']",
"['aves_aa_4R_1426_0030', 'aves_aa_4R_1430_0030', 'aves_aa_4R_1438_0030', 'aves_aa_4R_1443_0030', 'aves_aa_4R_1445_0031']",
"['aves_aa_4R_1426_0035', 'aves_aa_4R_1434_0035']",
"['aves_aa_4R_1426_0036', 'aves_aa_4R_1431_0036']",
"['aves_aa_4R_1426_0040', 'aves_aa_4R_1431_0040']",
['aves_aa_4R_1426_0043'],
['aves_aa_4R_1427_0016'],
"['aves_aa_4R_1427_0018', 'aves_aa_4R_1437_0018', 'aves_aa_4R_1445_0019', 'aves_aa_4R_1447_0018', 'aves_aa_4R_1462_0018', 'aves_aa_4R_1463_0017']",
['aves_aa_4R_1427_0020'],
"['aves_aa_4R_1427_0021', 'aves_aa_4R_1438_0021', 'aves_aa_4R_1440_0021']",
"['aves_aa_4R_1427_0022', 'aves_aa_4R_1434_0022']",
"['aves_aa_4R_1427_0029', 'aves_aa_4R_1431_0029', 'aves_aa_4R_1433_0029', 'aves_aa_4R_1435_0029']",
['aves_aa_4R_1427_0030'],
"['aves_aa_4R_1427_0031', 'aves_aa_4R_1431_0031']",
['aves_aa_4R_1427_0036'],
"['aves_aa_4R_1427_0038', 'aves_aa_4R_1433_0038', 'aves_aa_4R_1436_0038']",
"['aves_aa_4R_1427_0039', 'aves_aa_4R_1436_0039']",
['aves_aa_4R_1427_0040'],
"['aves_aa_4R_1427_0042', 'aves_aa_4R_1434_0042']",
['aves_aa_4R_1427_0043'],
['aves_aa_4R_1428_0016'],
['aves_aa_4R_1428_0020'],
"['aves_aa_4R_1428_0021', 'aves_aa_4R_1442_0021']",
['aves_aa_4R_1428_0022'],
['aves_aa_4R_1428_0023'],
['aves_aa_4R_1428_0024'],
['aves_aa_4R_1428_0025'],
['aves_aa_4R_1428_0028'],
"['aves_aa_4R_1428_0030', 'aves_aa_4R_1437_0030']",
['aves_aa_4R_1428_0032'],
['aves_aa_4R_1428_0033'],
"['aves_aa_4R_1428_0034', 'aves_aa_4R_1449_0034']",
['aves_aa_4R_1428_0036'],
"['aves_aa_4R_1428_0038', 'aves_aa_4R_1431_0038']",
['aves_aa_4R_1428_0039'],
"['aves_aa_4R_1428_0040', 'aves_aa_4R_1436_0040', 'aves_aa_4R_1444_0040', 'aves_aa_4R_1452_0040', 'aves_aa_4R_1456_0040', 'aves_aa_4R_1457_0040']",
"['aves_aa_4R_1428_0043', 'aves_aa_4R_1431_0043', 'aves_aa_4R_1440_0043', 'aves_aa_4R_1443_0043', 'aves_aa_4R_1446_0043']",
['aves_aa_4R_1429_0016'],
['aves_aa_4R_1429_0018'],
"['aves_aa_4R_1429_0019', 'aves_aa_4R_1435_0019']",
"['aves_aa_4R_1429_0020', 'aves_aa_4R_1443_0020']",
"['aves_aa_4R_1429_0027', 'aves_aa_4R_1435_0027', 'aves_aa_4R_1438_0027', 'aves_aa_4R_1440_0027', 'aves_aa_4R_1442_0027']",
['aves_aa_4R_1429_0028'],
['aves_aa_4R_1429_0029'],
"['aves_aa_4R_1429_0035', 'aves_aa_4R_1435_0035', 'aves_aa_4R_1437_0035', 'aves_aa_4R_1439_0035', 'aves_aa_4R_1441_0035', 'aves_aa_4R_1445_0036', 'aves_aa_4R_1447_0035', 'aves_aa_4R_1455_0036']",
"['aves_aa_4R_1429_0037', 'aves_aa_4R_1434_0037', 'aves_aa_4R_1440_0037', 'aves_aa_4R_1446_0037']",
['aves_aa_4R_1429_0038'],
"['aves_aa_4R_1429_0042', 'aves_aa_4R_1431_0042', 'aves_aa_4R_1433_0042', 'aves_aa_4R_1436_0042', 'aves_aa_4R_1438_0042', 'aves_aa_4R_1441_0042', 'aves_aa_4R_1443_0042', 'aves_aa_4R_1445_0043', 'aves_aa_4R_1456_0042', 'aves_aa_4R_1457_0042']",
"['aves_aa_4R_1429_0043', 'aves_aa_4R_1438_0043', 'aves_aa_4R_1441_0043', 'aves_aa_4R_1447_0043', 'aves_aa_4R_1450_0043', 'aves_aa_4R_1453_0043']",
['aves_aa_4R_1430_0021'],
"['aves_aa_4R_1430_0023', 'aves_aa_4R_1434_0023', 'aves_aa_4R_1437_0023', 'aves_aa_4R_1440_0023', 'aves_aa_4R_1443_0023']",
['aves_aa_4R_1430_0025'],
['aves_aa_4R_1430_0026'],
['aves_aa_4R_1430_0031'],
['aves_aa_4R_1430_0032'],
"['aves_aa_4R_1430_0034', 'aves_aa_4R_1438_0034']",
['aves_aa_4R_1430_0035'],
['aves_aa_4R_1430_0038'],
"['aves_aa_4R_1430_0041', 'aves_aa_4R_1434_0041', 'aves_aa_4R_1436_0041', 'aves_aa_4R_1439_0041', 'aves_aa_4R_1441_0041']",
"['aves_aa_4R_1431_0018', 'aves_aa_4R_1434_0018']",
['aves_aa_4R_1431_0019'],
['aves_aa_4R_1431_0023'],
['aves_aa_4R_1431_0026'],
['aves_aa_4R_1431_0035'],
['aves_aa_4R_1433_0016'],
['aves_aa_4R_1433_0019'],
['aves_aa_4R_1433_0021'],
"['aves_aa_4R_1433_0022', 'aves_aa_4R_1442_0022']",
"['aves_aa_4R_1433_0033', 'aves_aa_4R_1440_0033', 'aves_aa_4R_1445_0034', 'aves_aa_4R_1457_0033']",
['aves_aa_4R_1433_0034'],
['aves_aa_4R_1433_0035'],
['aves_aa_4R_1433_0037'],
['aves_aa_4R_1433_0040'],
"['aves_aa_4R_1433_0041', 'aves_aa_4R_1438_0041', 'aves_aa_4R_1443_0041', 'aves_aa_4R_1448_0041', 'aves_aa_4R_1452_0041', 'aves_aa_4R_1455_0042']",
['aves_aa_4R_1433_0043'],
"['aves_aa_4R_1434_0020', 'aves_aa_4R_1460_0020', 'aves_aa_4R_1461_0020']",
"['aves_aa_4R_1434_0028', 'aves_aa_4R_1441_0028', 'aves_aa_4R_1445_0029', 'aves_aa_4R_1455_0029']",
['aves_aa_4R_1435_0016'],
"['aves_aa_4R_1435_0017', 'aves_aa_4R_1442_0017']",
['aves_aa_4R_1435_0021'],
['aves_aa_4R_1435_0025'],
"['aves_aa_4R_1435_0028', 'aves_aa_4R_1437_0028']",
"['aves_aa_4R_1435_0030', 'aves_aa_4R_1446_0030']",
"['aves_aa_4R_1435_0033', 'aves_aa_4R_1443_0033']",
"['aves_aa_4R_1435_0036', 'aves_aa_4R_1442_0036']",
['aves_aa_4R_1435_0037'],
['aves_aa_4R_1435_0038'],
"['aves_aa_4R_1435_0040', 'aves_aa_4R_1439_0040', 'aves_aa_4R_1446_0040']",
['aves_aa_4R_1435_0041'],
"['aves_aa_4R_1435_0043', 'aves_aa_4R_1444_0043']",
"['aves_aa_4R_1436_0019', 'aves_aa_4R_1447_0019', 'aves_aa_4R_1451_0019']",
['aves_aa_4R_1436_0023'],
"['aves_aa_4R_1436_0031', 'aves_aa_4R_1446_0031', 'aves_aa_4R_1452_0031']",
"['aves_aa_4R_1436_0032', 'aves_aa_4R_1471_0019', 'aves_aa_4R_1472_0019']",
['aves_aa_4R_1436_0035'],
['aves_aa_4R_1436_0037'],
"['aves_aa_4R_1436_0043', 'aves_aa_4R_1448_0043', 'aves_aa_4R_1451_0043', 'aves_aa_4R_1454_0043']",
['aves_aa_4R_1437_0020'],
"['aves_aa_4R_1437_0025', 'aves_aa_4R_1456_0025']",
['aves_aa_4R_1437_0027'],
"['aves_aa_4R_1437_0029', 'aves_aa_4R_1439_0029', 'aves_aa_4R_1441_0029', 'aves_aa_4R_1443_0029', 'aves_aa_4R_1445_0030', 'aves_aa_4R_1447_0029']",
"['aves_aa_4R_1437_0033', 'aves_aa_4R_1441_0033']",
"['aves_aa_4R_1437_0034', 'aves_aa_4R_1451_0034']",
"['aves_aa_4R_1437_0036', 'aves_aa_4R_1443_0036', 'aves_aa_4R_1449_0036']",
"['aves_aa_4R_1437_0039', 'aves_aa_4R_1448_0039', 'aves_aa_4R_1452_0039']",
['aves_aa_4R_1437_0040'],
['aves_aa_4R_1437_0041'],
['aves_aa_4R_1437_0042'],
['aves_aa_4R_1437_0043'],
"['aves_aa_4R_1438_0019', 'aves_aa_4R_1446_0019', 'aves_aa_4R_1449_0019']",
['aves_aa_4R_1438_0023'],
"['aves_aa_4R_1438_0028', 'aves_aa_4R_1440_0028', 'aves_aa_4R_1442_0028', 'aves_aa_4R_1444_0028', 'aves_aa_4R_1447_0028', 'aves_aa_4R_1449_0028', 'aves_aa_4R_1452_0028', 'aves_aa_4R_1454_0028', 'aves_aa_4R_1456_0028', 'aves_aa_4R_1458_0028', 'aves_aa_4R_1461_0028', 'aves_aa_4R_1462_0028']",
"['aves_aa_4R_1438_0029', 'aves_aa_4R_1440_0029', 'aves_aa_4R_1442_0029']",
['aves_aa_4R_1438_0031'],
['aves_aa_4R_1438_0033'],
['aves_aa_4R_1438_0035'],
"['aves_aa_4R_1438_0036', 'aves_aa_4R_1448_0036', 'aves_aa_4R_1450_0036', 'aves_aa_4R_1452_0005', 'aves_aa_4R_1454_0036', 'aves_aa_4R_1456_0036', 'aves_aa_4R_1457_0036', 'aves_aa_4R_1458_0005', 'aves_aa_4R_1460_0036', 'aves_aa_4R_1461_0036', 'aves_aa_4R_1464_0005', 'aves_aa_4R_1466_0035', 'aves_aa_4R_1467_0035']",
"['aves_aa_4R_1438_0037', 'aves_aa_4R_1444_0037']",
"['aves_aa_4R_1438_0038', 'aves_aa_4R_1444_0038', 'aves_aa_4R_1449_0038']",
"['aves_aa_4R_1438_0039', 'aves_aa_4R_1446_0039']",
['aves_aa_4R_1438_0040'],
"['aves_aa_4R_1439_0016', 'aves_aa_4R_1451_0016']",
['aves_aa_4R_1439_0017'],
"['aves_aa_4R_1439_0024', 'aves_aa_4R_1441_0024', 'aves_aa_4R_1443_0024', 'aves_aa_4R_1445_0006', 'aves_aa_4R_1447_0024', 'aves_aa_4R_1449_0024', 'aves_aa_4R_1451_0005', 'aves_aa_4R_1453_0024', 'aves_aa_4R_1455_0025', 'aves_aa_4R_1457_0005']",
['aves_aa_4R_1439_0026'],
"['aves_aa_4R_1439_0032', 'aves_aa_4R_1447_0032', 'aves_aa_4R_1453_0032', 'aves_aa_4R_1459_0032', 'aves_aa_4R_1460_0032']",
"['aves_aa_4R_1439_0033', 'aves_aa_4R_1447_0033']",
"['aves_aa_4R_1439_0034', 'aves_aa_4R_1443_0034']",
"['aves_aa_4R_1439_0037', 'aves_aa_4R_1443_0037', 'aves_aa_4R_1448_0037', 'aves_aa_4R_1451_0037', 'aves_aa_4R_1454_0037', 'aves_aa_4R_1456_0037', 'aves_aa_4R_1459_0037', 'aves_aa_4R_1460_0037']",
"['aves_aa_4R_1439_0038', 'aves_aa_4R_1442_0038', 'aves_aa_4R_1445_0039', 'aves_aa_4R_1448_0038', 'aves_aa_4R_1451_0038', 'aves_aa_4R_1455_0039', 'aves_aa_4R_1460_0038', 'aves_aa_4R_1461_0038']",
"['aves_aa_4R_1439_0039', 'aves_aa_4R_1444_0039']",
['aves_aa_4R_1439_0042'],
"['aves_aa_4R_1440_0018', 'aves_aa_4R_1448_0018', 'aves_aa_4R_1450_0018', 'aves_aa_4R_1454_0018', 'aves_aa_4R_1455_0006', 'aves_aa_4R_1458_0018', 'aves_aa_4R_1459_0018', 'aves_aa_4R_1461_0005', 'aves_aa_4R_1464_0017', 'aves_aa_4R_1465_0017']",
"['aves_aa_4R_1440_0022', 'aves_aa_4R_1445_0023', 'aves_aa_4R_1448_0022']",
"['aves_aa_4R_1440_0025', 'aves_aa_4R_1444_0025', 'aves_aa_4R_1448_0025', 'aves_aa_4R_1451_0025', 'aves_aa_4R_1455_0026']",
['aves_aa_4R_1440_0030'],
['aves_aa_4R_1440_0031'],
"['aves_aa_4R_1440_0032', 'aves_aa_4R_1444_0032']",
['aves_aa_4R_1440_0034'],
"['aves_aa_4R_1440_0035', 'aves_aa_4R_1454_0035']",
['aves_aa_4R_1440_0038'],
"['aves_aa_4R_1440_0039', 'aves_aa_4R_1455_0040', 'aves_aa_4R_1463_0038', 'aves_aa_4R_1464_0038', 'aves_aa_4R_1467_0038', 'aves_aa_4R_1468_0039', 'aves_aa_4R_1472_0032', 'aves_aa_4R_1475_0032', 'aves_aa_4R_1476_0032']",
"['aves_aa_4R_1440_0040', 'aves_aa_4R_1448_0040', 'aves_aa_4R_1464_0039', 'aves_aa_4R_1465_0039', 'aves_aa_4R_1474_0035', 'aves_aa_4R_1475_0035']",
"['aves_aa_4R_1440_0041', 'aves_aa_4R_1442_0041', 'aves_aa_4R_1444_0041', 'aves_aa_4R_1446_0041', 'aves_aa_4R_1450_0041']",
"['aves_aa_4R_1440_0042', 'aves_aa_4R_1442_0042', 'aves_aa_4R_1446_0042', 'aves_aa_4R_1450_0042', 'aves_aa_4R_1452_0042', 'aves_aa_4R_1454_0042']",
"['aves_aa_4R_1441_0016', 'aves_aa_4R_1447_0016', 'aves_aa_4R_1448_0005', 'aves_aa_4R_1450_0016', 'aves_aa_4R_1452_0016', 'aves_aa_4R_1454_0005', 'aves_aa_4R_1456_0016', 'aves_aa_4R_1459_0016', 'aves_aa_4R_1460_0005', 'aves_aa_4R_1463_0015', 'aves_aa_4R_1464_0015']",
['aves_aa_4R_1441_0018'],
"['aves_aa_4R_1441_0019', 'aves_aa_4R_1445_0020', 'aves_aa_4R_1448_0019', 'aves_aa_4R_1453_0019']",
"['aves_aa_4R_1441_0020', 'aves_aa_4R_1452_0020']",
['aves_aa_4R_1441_0021'],
"['aves_aa_4R_1441_0023', 'aves_aa_4R_1445_0024', 'aves_aa_4R_1450_0023', 'aves_aa_4R_1453_0023']",
"['aves_aa_4R_1441_0027', 'aves_aa_4R_1445_0028', 'aves_aa_4R_1451_0027']",
['aves_aa_4R_1441_0031'],
['aves_aa_4R_1441_0034'],
"['aves_aa_4R_1441_0037', 'aves_aa_4R_1450_0037', 'aves_aa_4R_1455_0038', 'aves_aa_4R_1461_0037', 'aves_aa_4R_1462_0037', 'aves_aa_4R_1467_0036', 'aves_aa_4R_1468_0037', 'aves_aa_4R_1471_0034']",
['aves_aa_4R_1441_0038'],
['aves_aa_4R_1441_0040'],
"['aves_aa_4R_1442_0005', 'aves_aa_4R_1444_0018']",
"['aves_aa_4R_1442_0018', 'aves_aa_4R_1446_0018', 'aves_aa_4R_1449_0018', 'aves_aa_4R_1452_0018']",
"['aves_aa_4R_1442_0023', 'aves_aa_4R_1444_0023', 'aves_aa_4R_1448_0023', 'aves_aa_4R_1452_0023']",
['aves_aa_4R_1442_0031'],
"['aves_aa_4R_1442_0033', 'aves_aa_4R_1446_0033']",
['aves_aa_4R_1442_0035'],
"['aves_aa_4R_1442_0039', 'aves_aa_4R_1454_0039']",
['aves_aa_4R_1442_0040'],
"['aves_aa_4R_1442_0043', 'aves_aa_4R_1445_0044']",
['aves_aa_4R_1443_0016'],
['aves_aa_4R_1443_0018'],
"['aves_aa_4R_1443_0019', 'aves_aa_4R_1450_0019', 'aves_aa_4R_1456_0019', 'aves_aa_4R_1457_0019']",
"['aves_aa_4R_1443_0021', 'aves_aa_4R_1450_0021', 'aves_aa_4R_1453_0021', 'aves_aa_4R_1459_0021', 'aves_aa_4R_1460_0021']",
['aves_aa_4R_1443_0026'],
"['aves_aa_4R_1443_0027', 'aves_aa_4R_1447_0027', 'aves_aa_4R_1449_0027', 'aves_aa_4R_1452_0027', 'aves_aa_4R_1454_0027', 'aves_aa_4R_1457_0027', 'aves_aa_4R_1458_0027', 'aves_aa_4R_1461_0027', 'aves_aa_4R_1462_0027']",
"['aves_aa_4R_1443_0032', 'aves_aa_4R_1448_0032', 'aves_aa_4R_1450_0032', 'aves_aa_4R_1452_0032', 'aves_aa_4R_1453_0005', 'aves_aa_4R_1455_0033', 'aves_aa_4R_1457_0032', 'aves_aa_4R_1458_0032', 'aves_aa_4R_1459_0005', 'aves_aa_4R_1461_0032', 'aves_aa_4R_1462_0032']",
['aves_aa_4R_1443_0035'],
"['aves_aa_4R_1443_0038', 'aves_aa_4R_1450_0038', 'aves_aa_4R_1454_0038', 'aves_aa_4R_1462_0038', 'aves_aa_4R_1463_0037']",
"['aves_aa_4R_1443_0039', 'aves_aa_4R_1479_0032', 'aves_aa_4R_1480_0032', 'aves_aa_4R_1485_0029', 'aves_aa_4R_1486_0029', 'aves_aa_4R_1496_0029']",
"['aves_aa_4R_1443_0040', 'aves_aa_4R_1450_0040']",
"['aves_aa_4R_1444_0022', 'aves_aa_4R_1450_0022', 'aves_aa_4R_1453_0022', 'aves_aa_4R_1456_0022', 'aves_aa_4R_1461_0022', 'aves_aa_4R_1462_0022', 'aves_aa_4R_1466_0005', 'aves_aa_4R_1469_0021', 'aves_aa_4R_1470_0021', 'aves_aa_4R_1472_0005', 'aves_aa_4R_1475_0017', 'aves_aa_4R_1476_0017', 'aves_aa_4R_1478_0005', 'aves_aa_4R_1489_0015', 'aves_aa_4R_1490_0005']",
"['aves_aa_4R_1444_0024', 'aves_aa_4R_1448_0024', 'aves_aa_4R_1458_0024', 'aves_aa_4R_1459_0024']",
['aves_aa_4R_1444_0026'],
"['aves_aa_4R_1444_0029', 'aves_aa_4R_1446_0029', 'aves_aa_4R_1448_0029']",
['aves_aa_4R_1444_0031'],
"['aves_aa_4R_1444_0036', 'aves_aa_4R_1453_0036']",
['aves_aa_4R_1445_0017'],
"['aves_aa_4R_1445_0022', 'aves_aa_4R_1448_0021', 'aves_aa_4R_1454_0021', 'aves_aa_4R_1457_0021', 'aves_aa_4R_1458_0021', 'aves_aa_4R_1463_0020', 'aves_aa_4R_1464_0020', 'aves_aa_4R_1467_0020', 'aves_aa_4R_1468_0021']",
['aves_aa_4R_1445_0025'],
"['aves_aa_4R_1445_0027', 'aves_aa_4R_1460_0026', 'aves_aa_4R_1461_0026']",
['aves_aa_4R_1445_0033'],
['aves_aa_4R_1445_0035'],
"['aves_aa_4R_1445_0038', 'aves_aa_4R_1449_0037', 'aves_aa_4R_1452_0037']",
['aves_aa_4R_1445_0041'],
"['aves_aa_4R_1445_0042', 'aves_aa_4R_1447_0041', 'aves_aa_4R_1449_0041', 'aves_aa_4R_1451_0041', 'aves_aa_4R_1454_0041', 'aves_aa_4R_1457_0041', 'aves_aa_4R_1458_0041', 'aves_aa_4R_1461_0041', 'aves_aa_4R_1462_0041']",
['aves_aa_4R_1446_0016'],
"['aves_aa_4R_1446_0017', 'aves_aa_4R_1449_0017', 'aves_aa_4R_1453_0017', 'aves_aa_4R_1456_0017', 'aves_aa_4R_1457_0017', 'aves_aa_4R_1464_0016', 'aves_aa_4R_1465_0016']",
"['aves_aa_4R_1446_0021', 'aves_aa_4R_1451_0021', 'aves_aa_4R_1455_0022', 'aves_aa_4R_1465_0020', 'aves_aa_4R_1466_0020', 'aves_aa_4R_1471_0025', 'aves_aa_4R_1472_0025', 'aves_aa_4R_1479_0025', 'aves_aa_4R_1480_0025', 'aves_aa_4R_1481_0025', 'aves_aa_4R_1482_0024', 'aves_aa_4R_1485_0023', 'aves_aa_4R_1486_0023', 'aves_aa_4R_1493_0023', 'aves_aa_4R_1494_0023']",
['aves_aa_4R_1446_0022'],
"['aves_aa_4R_1446_0023', 'aves_aa_4R_1454_0023', 'aves_aa_4R_1462_0023', 'aves_aa_4R_1463_0022', 'aves_aa_4R_1468_0023', 'aves_aa_4R_1469_0022']",
"['aves_aa_4R_1446_0027', 'aves_aa_4R_1450_0027', 'aves_aa_4R_1453_0027', 'aves_aa_4R_1455_0028']",
"['aves_aa_4R_1446_0032', 'aves_aa_4R_1449_0032']",
['aves_aa_4R_1446_0034'],
['aves_aa_4R_1446_0035'],
"['aves_aa_4R_1446_0038', 'aves_aa_4R_1452_0038']",
['aves_aa_4R_1447_0020'],
['aves_aa_4R_1447_0021'],
"['aves_aa_4R_1447_0022', 'aves_aa_4R_1451_0022', 'aves_aa_4R_1454_0022']",
['aves_aa_4R_1447_0023'],
"['aves_aa_4R_1447_0026', 'aves_aa_4R_1478_0014', 'aves_aa_4R_1479_0014']",
['aves_aa_4R_1447_0030'],
"['aves_aa_4R_1447_0031', 'aves_aa_4R_1453_0031', 'aves_aa_4R_1457_0031', 'aves_aa_4R_1458_0031', 'aves_aa_4R_1465_0030', 'aves_aa_4R_1466_0030', 'aves_aa_4R_1471_0021', 'aves_aa_4R_1472_0021']",
['aves_aa_4R_1447_0034'],
['aves_aa_4R_1447_0037'],
['aves_aa_4R_1447_0038'],
['aves_aa_4R_1447_0039'],
"['aves_aa_4R_1447_0040', 'aves_aa_4R_1451_0040']",
"['aves_aa_4R_1448_0016', 'aves_aa_4R_1467_0005', 'aves_aa_4R_1469_0015', 'aves_aa_4R_1470_0015', 'aves_aa_4R_1473_0005', 'aves_aa_4R_1475_0015', 'aves_aa_4R_1476_0015', 'aves_aa_4R_1479_0005', 'aves_aa_4R_1481_0015', 'aves_aa_4R_1482_0014', 'aves_aa_4R_1485_0005']",
['aves_aa_4R_1448_0027'],
['aves_aa_4R_1448_0028'],
['aves_aa_4R_1448_0030'],
"['aves_aa_4R_1448_0031', 'aves_aa_4R_1454_0031']",
"['aves_aa_4R_1448_0033', 'aves_aa_4R_1452_0033', 'aves_aa_4R_1456_0033']",
['aves_aa_4R_1448_0034'],
"['aves_aa_4R_1448_0042', 'aves_aa_4R_1451_0042', 'aves_aa_4R_1453_0042', 'aves_aa_4R_1455_0043', 'aves_aa_4R_1460_0042', 'aves_aa_4R_1461_0042', 'aves_aa_4R_1471_0036']",
['aves_aa_4R_1449_0016'],
"['aves_aa_4R_1449_0022', 'aves_aa_4R_1457_0022', 'aves_aa_4R_1458_0022']",
"['aves_aa_4R_1449_0023', 'aves_aa_4R_1466_0022', 'aves_aa_4R_1467_0022']",
['aves_aa_4R_1449_0025'],
['aves_aa_4R_1449_0026'],
"['aves_aa_4R_1449_0029', 'aves_aa_4R_1451_0029']",
['aves_aa_4R_1449_0031'],
"['aves_aa_4R_1449_0035', 'aves_aa_4R_1451_0035']",
"['aves_aa_4R_1449_0039', 'aves_aa_4R_1453_0039', 'aves_aa_4R_1457_0039', 'aves_aa_4R_1458_0039']",
['aves_aa_4R_1449_0040'],
['aves_aa_4R_1449_0042'],
"['aves_aa_4R_1449_0043', 'aves_aa_4R_1452_0043', 'aves_aa_4R_1455_0044', 'aves_aa_4R_1459_0043', 'aves_aa_4R_1460_0043']",
['aves_aa_4R_1450_0017'],
['aves_aa_4R_1450_0020'],
"['aves_aa_4R_1450_0026', 'aves_aa_4R_1456_0026', 'aves_aa_4R_1457_0026']",
"['aves_aa_4R_1450_0029', 'aves_aa_4R_1452_0029', 'aves_aa_4R_1454_0029', 'aves_aa_4R_1456_0029']",
['aves_aa_4R_1450_0030'],
"['aves_aa_4R_1450_0031', 'aves_aa_4R_1459_0031', 'aves_aa_4R_1460_0031']",
"['aves_aa_4R_1450_0033', 'aves_aa_4R_1454_0033', 'aves_aa_4R_1460_0033', 'aves_aa_4R_1461_0033']",
['aves_aa_4R_1450_0034'],
"['aves_aa_4R_1450_0039', 'aves_aa_4R_1456_0039', 'aves_aa_4R_1465_0038', 'aves_aa_4R_1466_0038', 'aves_aa_4R_1469_0038', 'aves_aa_4R_1470_0038']",
['aves_aa_4R_1451_0018'],
"['aves_aa_4R_1451_0023', 'aves_aa_4R_1456_0023', 'aves_aa_4R_1457_0023', 'aves_aa_4R_1464_0022', 'aves_aa_4R_1465_0022', 'aves_aa_4R_1470_0022', 'aves_aa_4R_1471_0037']",
"['aves_aa_4R_1451_0024', 'aves_aa_4R_1456_0024', 'aves_aa_4R_1457_0024', 'aves_aa_4R_1467_0023', 'aves_aa_4R_1470_0023']",
['aves_aa_4R_1451_0026'],
['aves_aa_4R_1451_0028'],
['aves_aa_4R_1451_0030'],
['aves_aa_4R_1451_0031'],
"['aves_aa_4R_1451_0032', 'aves_aa_4R_1456_0032', 'aves_aa_4R_1463_0031', 'aves_aa_4R_1464_0031']",
['aves_aa_4R_1451_0033'],
['aves_aa_4R_1451_0036'],
['aves_aa_4R_1451_0039'],
['aves_aa_4R_1452_0017'],
"['aves_aa_4R_1452_0019', 'aves_aa_4R_1455_0020', 'aves_aa_4R_1458_0019', 'aves_aa_4R_1459_0019']",
"['aves_aa_4R_1452_0021', 'aves_aa_4R_1469_0020', 'aves_aa_4R_1470_0020']",
['aves_aa_4R_1452_0022'],
['aves_aa_4R_1452_0024'],
"['aves_aa_4R_1452_0025', 'aves_aa_4R_1463_0024', 'aves_aa_4R_1464_0024']",
['aves_aa_4R_1452_0030'],
"['aves_aa_4R_1452_0034', 'aves_aa_4R_1456_0034', 'aves_aa_4R_1463_0033', 'aves_aa_4R_1464_0033', 'aves_aa_4R_1472_0031']",
['aves_aa_4R_1452_0035'],
['aves_aa_4R_1452_0036'],
['aves_aa_4R_1453_0016'],
"['aves_aa_4R_1453_0018', 'aves_aa_4R_1460_0018', 'aves_aa_4R_1461_0018']",
"['aves_aa_4R_1453_0028', 'aves_aa_4R_1457_0028']",
"['aves_aa_4R_1453_0029', 'aves_aa_4R_1455_0030', 'aves_aa_4R_1457_0029', 'aves_aa_4R_1458_0029', 'aves_aa_4R_1461_0029', 'aves_aa_4R_1462_0029', 'aves_aa_4R_1465_0028', 'aves_aa_4R_1466_0028', 'aves_aa_4R_1469_0028', 'aves_aa_4R_1470_0028']",
['aves_aa_4R_1453_0030'],
['aves_aa_4R_1453_0034'],
"['aves_aa_4R_1453_0035', 'aves_aa_4R_1462_0035', 'aves_aa_4R_1463_0034']",
"['aves_aa_4R_1453_0037', 'aves_aa_4R_1463_0036', 'aves_aa_4R_1464_0036', 'aves_aa_4R_1469_0036', 'aves_aa_4R_1470_0036', 'aves_aa_4R_1475_0034', 'aves_aa_4R_1476_0034']",
['aves_aa_4R_1453_0038'],
"['aves_aa_4R_1453_0040', 'aves_aa_4R_1458_0040', 'aves_aa_4R_1459_0040']",
"['aves_aa_4R_1453_0041', 'aves_aa_4R_1456_0041']",
['aves_aa_4R_1454_0016'],
['aves_aa_4R_1454_0017'],
['aves_aa_4R_1454_0019'],
"['aves_aa_4R_1454_0020', 'aves_aa_4R_1465_0015', 'aves_aa_4R_1466_0015']",
['aves_aa_4R_1454_0025'],
['aves_aa_4R_1454_0030'],
['aves_aa_4R_1454_0032'],
"['aves_aa_4R_1454_0034', 'aves_aa_4R_1459_0034', 'aves_aa_4R_1460_0034']",
"['aves_aa_4R_1454_0040', 'aves_aa_4R_1460_0040', 'aves_aa_4R_1461_0040', 'aves_aa_4R_1468_0040', 'aves_aa_4R_1469_0039', 'aves_aa_4R_1472_0035', 'aves_aa_4R_1473_0036']",
"['aves_aa_4R_1455_0017', 'aves_aa_4R_1461_0016', 'aves_aa_4R_1462_0016']",
"['aves_aa_4R_1455_0018', 'aves_aa_4R_1460_0017', 'aves_aa_4R_1461_0017', 'aves_aa_4R_1468_0017', 'aves_aa_4R_1469_0016', 'aves_aa_4R_1472_0022', 'aves_aa_4R_1473_0023', 'aves_aa_4R_1476_0022', 'aves_aa_4R_1477_0022']",
['aves_aa_4R_1455_0019'],
"['aves_aa_4R_1455_0021', 'aves_aa_4R_1464_0019', 'aves_aa_4R_1465_0019', 'aves_aa_4R_1468_0020', 'aves_aa_4R_1469_0019', 'aves_aa_4R_1472_0018', 'aves_aa_4R_1473_0019']",
['aves_aa_4R_1455_0023'],
['aves_aa_4R_1455_0024'],
['aves_aa_4R_1455_0027'],
"['aves_aa_4R_1455_0031', 'aves_aa_4R_1460_0030', 'aves_aa_4R_1461_0030']",
['aves_aa_4R_1455_0032'],
"['aves_aa_4R_1455_0034', 'aves_aa_4R_1462_0033', 'aves_aa_4R_1463_0032', 'aves_aa_4R_1470_0032', 'aves_aa_4R_1471_0033', 'aves_aa_4R_1478_0033']",
"['aves_aa_4R_1455_0035', 'aves_aa_4R_1461_0034', 'aves_aa_4R_1462_0034']",
['aves_aa_4R_1455_0037'],
['aves_aa_4R_1455_0041'],
"['aves_aa_4R_1456_0018', 'aves_aa_4R_1457_0018']",
['aves_aa_4R_1456_0020'],
"['aves_aa_4R_1456_0027', 'aves_aa_4R_1463_0026', 'aves_aa_4R_1464_0026', 'aves_aa_4R_1467_0026', 'aves_aa_4R_1468_0027', 'aves_aa_4R_1473_0024']",
"['aves_aa_4R_1456_0030', 'aves_aa_4R_1457_0030']",
['aves_aa_4R_1456_0031'],
"['aves_aa_4R_1456_0035', 'aves_aa_4R_1457_0035']",
"['aves_aa_4R_1456_0038', 'aves_aa_4R_1457_0038']",
"['aves_aa_4R_1456_0043', 'aves_aa_4R_1461_0043', 'aves_aa_4R_1462_0043', 'aves_aa_4R_1467_0040', 'aves_aa_4R_1468_0041']",
"['aves_aa_4R_1457_0016', 'aves_aa_4R_1458_0016']",
['aves_aa_4R_1457_0020'],
"['aves_aa_4R_1457_0025', 'aves_aa_4R_1458_0025']",
"['aves_aa_4R_1457_0034', 'aves_aa_4R_1458_0034']",
"['aves_aa_4R_1457_0037', 'aves_aa_4R_1458_0037', 'aves_aa_4R_1472_0034', 'aves_aa_4R_1477_0034', 'aves_aa_4R_1478_0034']",
"['aves_aa_4R_1457_0043', 'aves_aa_4R_1458_0043']",
"['aves_aa_4R_1458_0020', 'aves_aa_4R_1459_0020']",
"['aves_aa_4R_1458_0023', 'aves_aa_4R_1459_0023']",
"['aves_aa_4R_1458_0030', 'aves_aa_4R_1459_0030']",
"['aves_aa_4R_1458_0035', 'aves_aa_4R_1459_0035']",
"['aves_aa_4R_1458_0036', 'aves_aa_4R_1459_0036', 'aves_aa_4R_1462_0036', 'aves_aa_4R_1463_0035', 'aves_aa_4R_1481_0020']",
"['aves_aa_4R_1458_0038', 'aves_aa_4R_1459_0038']",
"['aves_aa_4R_1458_0042', 'aves_aa_4R_1459_0042']",
"['aves_aa_4R_1459_0022', 'aves_aa_4R_1460_0022', 'aves_aa_4R_1477_0017', 'aves_aa_4R_1478_0017']",
"['aves_aa_4R_1459_0025', 'aves_aa_4R_1460_0025', 'aves_aa_4R_1467_0024', 'aves_aa_4R_1468_0025']",
"['aves_aa_4R_1459_0027', 'aves_aa_4R_1460_0027']",
"['aves_aa_4R_1459_0028', 'aves_aa_4R_1460_0028', 'aves_aa_4R_1467_0027', 'aves_aa_4R_1468_0028', 'aves_aa_4R_1481_0036', 'aves_aa_4R_1482_0035']",
"['aves_aa_4R_1459_0029', 'aves_aa_4R_1460_0029']",
"['aves_aa_4R_1459_0039', 'aves_aa_4R_1460_0039']",
"['aves_aa_4R_1459_0041', 'aves_aa_4R_1460_0041']",
"['aves_aa_4R_1460_0016', 'aves_aa_4R_1467_0015', 'aves_aa_4R_1468_0016']",
"['aves_aa_4R_1460_0019', 'aves_aa_4R_1461_0019']",
"['aves_aa_4R_1460_0023', 'aves_aa_4R_1482_0036', 'aves_aa_4R_1483_0031']",
"['aves_aa_4R_1460_0024', 'aves_aa_4R_1461_0024']",
"['aves_aa_4R_1460_0035', 'aves_aa_4R_1461_0035', 'aves_aa_4R_1472_0029', 'aves_aa_4R_1473_0030']",
"['aves_aa_4R_1461_0021', 'aves_aa_4R_1462_0021']",
['aves_aa_4R_1461_0023'],
"['aves_aa_4R_1461_0025', 'aves_aa_4R_1462_0025', 'aves_aa_4R_1469_0024', 'aves_aa_4R_1470_0024', 'aves_aa_4R_1477_0027', 'aves_aa_4R_1478_0027']",
"['aves_aa_4R_1461_0031', 'aves_aa_4R_1462_0031', 'aves_aa_4R_1465_0005', 'aves_aa_4R_1467_0030', 'aves_aa_4R_1468_0031', 'aves_aa_4R_1471_0005', 'aves_aa_4R_1473_0022', 'aves_aa_4R_1474_0021', 'aves_aa_4R_1477_0005']",
"['aves_aa_4R_1461_0039', 'aves_aa_4R_1462_0039', 'aves_aa_4R_1473_0033', 'aves_aa_4R_1474_0032']",
"['aves_aa_4R_1462_0019', 'aves_aa_4R_1463_0018']",
"['aves_aa_4R_1462_0020', 'aves_aa_4R_1463_0019', 'aves_aa_4R_1466_0019']",
"['aves_aa_4R_1462_0024', 'aves_aa_4R_1463_0023']",
"['aves_aa_4R_1462_0026', 'aves_aa_4R_1463_0025', 'aves_aa_4R_1466_0025']",
"['aves_aa_4R_1462_0030', 'aves_aa_4R_1463_0029']",
"['aves_aa_4R_1462_0040', 'aves_aa_4R_1463_0039']",
['aves_aa_4R_1462_0042'],
"['aves_aa_4R_1463_0005', 'aves_aa_4R_1466_0018', 'aves_aa_4R_1467_0018', 'aves_aa_4R_1469_0005', 'aves_aa_4R_1472_0024', 'aves_aa_4R_1473_0025', 'aves_aa_4R_1475_0005', 'aves_aa_4R_1478_0024', 'aves_aa_4R_1479_0024', 'aves_aa_4R_1481_0005', 'aves_aa_4R_1484_0022', 'aves_aa_4R_1485_0022', 'aves_aa_4R_1487_0005', 'aves_aa_4R_1490_0022', 'aves_aa_4R_1491_0022', 'aves_aa_4R_1493_0005']",
"['aves_aa_4R_1463_0021', 'aves_aa_4R_1464_0021', 'aves_aa_4R_1471_0017', 'aves_aa_4R_1472_0017', 'aves_aa_4R_1479_0017', 'aves_aa_4R_1480_0017', 'aves_aa_4R_1487_0015', 'aves_aa_4R_1488_0015']",
"['aves_aa_4R_1463_0027', 'aves_aa_4R_1464_0027', 'aves_aa_4R_1469_0027', 'aves_aa_4R_1470_0027']",
"['aves_aa_4R_1463_0028', 'aves_aa_4R_1464_0028']",
"['aves_aa_4R_1463_0030', 'aves_aa_4R_1464_0030']",
"['aves_aa_4R_1463_0040', 'aves_aa_4R_1464_0040']",
"['aves_aa_4R_1464_0018', 'aves_aa_4R_1465_0018', 'aves_aa_4R_1468_0019', 'aves_aa_4R_1469_0018', 'aves_aa_4R_1476_0024', 'aves_aa_4R_1477_0024', 'aves_aa_4R_1482_0023', 'aves_aa_4R_1483_0022']",
"['aves_aa_4R_1464_0023', 'aves_aa_4R_1465_0023']",
"['aves_aa_4R_1464_0029', 'aves_aa_4R_1465_0029', 'aves_aa_4R_1467_0029', 'aves_aa_4R_1470_0029', 'aves_aa_4R_1471_0030', 'aves_aa_4R_1476_0030', 'aves_aa_4R_1477_0030', 'aves_aa_4R_1484_0027', 'aves_aa_4R_1485_0027', 'aves_aa_4R_1495_0005']",
"['aves_aa_4R_1464_0032', 'aves_aa_4R_1465_0032']",
"['aves_aa_4R_1464_0034', 'aves_aa_4R_1465_0034']",
"['aves_aa_4R_1464_0035', 'aves_aa_4R_1465_0035', 'aves_aa_4R_1473_0021', 'aves_aa_4R_1476_0020', 'aves_aa_4R_1477_0020', 'aves_aa_4R_1480_0020']",
"['aves_aa_4R_1464_0037', 'aves_aa_4R_1465_0037', 'aves_aa_4R_1470_0037', 'aves_aa_4R_1471_0026', 'aves_aa_4R_1478_0026', 'aves_aa_4R_1479_0026', 'aves_aa_4R_1482_0025', 'aves_aa_4R_1483_0024']",
"['aves_aa_4R_1465_0021', 'aves_aa_4R_1466_0021', 'aves_aa_4R_1481_0017', 'aves_aa_4R_1482_0016']",
"['aves_aa_4R_1465_0024', 'aves_aa_4R_1466_0024']",
"['aves_aa_4R_1465_0026', 'aves_aa_4R_1466_0026', 'aves_aa_4R_1471_0023', 'aves_aa_4R_1472_0023', 'aves_aa_4R_1475_0023', 'aves_aa_4R_1476_0023', 'aves_aa_4R_1481_0023', 'aves_aa_4R_1482_0022']",
"['aves_aa_4R_1465_0027', 'aves_aa_4R_1466_0027', 'aves_aa_4R_1475_0036', 'aves_aa_4R_1476_0036']",
"['aves_aa_4R_1465_0031', 'aves_aa_4R_1466_0031', 'aves_aa_4R_1470_0005', 'aves_aa_4R_1473_0020', 'aves_aa_4R_1474_0019', 'aves_aa_4R_1476_0005', 'aves_aa_4R_1479_0019', 'aves_aa_4R_1480_0019', 'aves_aa_4R_1482_0004', 'aves_aa_4R_1485_0017', 'aves_aa_4R_1486_0017', 'aves_aa_4R_1488_0005']",
"['aves_aa_4R_1465_0033', 'aves_aa_4R_1466_0033', 'aves_aa_4R_1473_0032', 'aves_aa_4R_1474_0031']",
"['aves_aa_4R_1465_0036', 'aves_aa_4R_1474_0034']",
"['aves_aa_4R_1465_0040', 'aves_aa_4R_1466_0040']",
"['aves_aa_4R_1466_0017', 'aves_aa_4R_1467_0017']",
['aves_aa_4R_1466_0023'],
['aves_aa_4R_1466_0029'],
"['aves_aa_4R_1466_0034', 'aves_aa_4R_1467_0034']",
"['aves_aa_4R_1466_0036', 'aves_aa_4R_1473_0035']",
"['aves_aa_4R_1466_0037', 'aves_aa_4R_1467_0037']",
"['aves_aa_4R_1466_0039', 'aves_aa_4R_1467_0039']",
"['aves_aa_4R_1467_0016', 'aves_aa_4R_1486_0020', 'aves_aa_4R_1487_0020', 'aves_aa_4R_1496_0020', 'aves_aa_4R_1497_0020']",
['aves_aa_4R_1467_0019'],
"['aves_aa_4R_1467_0021', 'aves_aa_4R_1468_0022', 'aves_aa_4R_1473_0018', 'aves_aa_4R_1474_0017']",
['aves_aa_4R_1467_0025'],
"['aves_aa_4R_1467_0028', 'aves_aa_4R_1468_0029']",
"['aves_aa_4R_1467_0031', 'aves_aa_4R_1468_0032']",
"['aves_aa_4R_1467_0033', 'aves_aa_4R_1468_0034']",
"['aves_aa_4R_1468_0006', 'aves_aa_4R_1470_0025', 'aves_aa_4R_1471_0014', 'aves_aa_4R_1474_0005', 'aves_aa_4R_1476_0014', 'aves_aa_4R_1477_0014', 'aves_aa_4R_1480_0005']",
"['aves_aa_4R_1468_0018', 'aves_aa_4R_1469_0017', 'aves_aa_4R_1472_0016', 'aves_aa_4R_1473_0017', 'aves_aa_4R_1476_0016', 'aves_aa_4R_1477_0016', 'aves_aa_4R_1480_0016', 'aves_aa_4R_1482_0015', 'aves_aa_4R_1483_0014', 'aves_aa_4R_1486_0005', 'aves_aa_4R_1488_0014', 'aves_aa_4R_1489_0014', 'aves_aa_4R_1492_0005']",
"['aves_aa_4R_1468_0024', 'aves_aa_4R_1469_0023', 'aves_aa_4R_1475_0028']",
"['aves_aa_4R_1468_0026', 'aves_aa_4R_1469_0025', 'aves_aa_4R_1474_0014', 'aves_aa_4R_1475_0014']",
"['aves_aa_4R_1468_0030', 'aves_aa_4R_1469_0029']",
"['aves_aa_4R_1468_0033', 'aves_aa_4R_1469_0032', 'aves_aa_4R_1480_0033', 'aves_aa_4R_1481_0033']",
"['aves_aa_4R_1468_0035', 'aves_aa_4R_1469_0034']",
"['aves_aa_4R_1468_0036', 'aves_aa_4R_1469_0035']",
"['aves_aa_4R_1468_0038', 'aves_aa_4R_1469_0037', 'aves_aa_4R_1476_0026', 'aves_aa_4R_1477_0026']",
"['aves_aa_4R_1469_0026', 'aves_aa_4R_1470_0026']",
"['aves_aa_4R_1469_0030', 'aves_aa_4R_1470_0030', 'aves_aa_4R_1477_0021']",
"['aves_aa_4R_1469_0031', 'aves_aa_4R_1470_0031', 'aves_aa_4R_1475_0019', 'aves_aa_4R_1476_0019', 'aves_aa_4R_1481_0019', 'aves_aa_4R_1482_0018']",
"['aves_aa_4R_1469_0033', 'aves_aa_4R_1470_0033']",
"['aves_aa_4R_1469_0040', 'aves_aa_4R_1470_0040']",
"['aves_aa_4R_1470_0016', 'aves_aa_4R_1471_0022', 'aves_aa_4R_1474_0022', 'aves_aa_4R_1475_0022', 'aves_aa_4R_1478_0022', 'aves_aa_4R_1479_0022', 'aves_aa_4R_1482_0021', 'aves_aa_4R_1483_0020', 'aves_aa_4R_1490_0020', 'aves_aa_4R_1491_0020']",
"['aves_aa_4R_1470_0017', 'aves_aa_4R_1471_0016', 'aves_aa_4R_1474_0016', 'aves_aa_4R_1475_0016', 'aves_aa_4R_1478_0016', 'aves_aa_4R_1479_0016', 'aves_aa_4R_1481_0016', 'aves_aa_4R_1490_0014', 'aves_aa_4R_1491_0014', 'aves_aa_4R_1494_0014', 'aves_aa_4R_1495_0014']",
"['aves_aa_4R_1470_0018', 'aves_aa_4R_1471_0024', 'aves_aa_4R_1474_0024', 'aves_aa_4R_1475_0024']",
"['aves_aa_4R_1470_0019', 'aves_aa_4R_1471_0018', 'aves_aa_4R_1476_0018', 'aves_aa_4R_1477_0018']",
"['aves_aa_4R_1470_0034', 'aves_aa_4R_1471_0029', 'aves_aa_4R_1474_0029', 'aves_aa_4R_1475_0029', 'aves_aa_4R_1480_0029', 'aves_aa_4R_1481_0029']",
"['aves_aa_4R_1470_0035', 'aves_aa_4R_1471_0020', 'aves_aa_4R_1474_0020', 'aves_aa_4R_1475_0020', 'aves_aa_4R_1478_0020', 'aves_aa_4R_1479_0020', 'aves_aa_4R_1483_0005', 'aves_aa_4R_1486_0018', 'aves_aa_4R_1487_0018', 'aves_aa_4R_1489_0005']",
"['aves_aa_4R_1470_0039', 'aves_aa_4R_1471_0035', 'aves_aa_4R_1476_0035', 'aves_aa_4R_1477_0035', 'aves_aa_4R_1482_0034']",
"['aves_aa_4R_1471_0015', 'aves_aa_4R_1472_0015']",
"['aves_aa_4R_1471_0027', 'aves_aa_4R_1472_0027']",
"['aves_aa_4R_1471_0028', 'aves_aa_4R_1474_0028']",
['aves_aa_4R_1471_0031'],
['aves_aa_4R_1471_0032'],
"['aves_aa_4R_1472_0014', 'aves_aa_4R_1473_0015', 'aves_aa_4R_1480_0014', 'aves_aa_4R_1481_0014', 'aves_aa_4R_1490_0012', 'aves_aa_4R_1491_0012']",
"['aves_aa_4R_1472_0020', 'aves_aa_4R_1482_0019', 'aves_aa_4R_1483_0018']",
"['aves_aa_4R_1472_0026', 'aves_aa_4R_1473_0027']",
"['aves_aa_4R_1472_0028', 'aves_aa_4R_1473_0029', 'aves_aa_4R_1476_0028', 'aves_aa_4R_1477_0028', 'aves_aa_4R_1480_0028', 'aves_aa_4R_1481_0028']",
"['aves_aa_4R_1472_0030', 'aves_aa_4R_1473_0031']",
['aves_aa_4R_1472_0036'],
"['aves_aa_4R_1472_0037', 'aves_aa_4R_1473_0038']",
"['aves_aa_4R_1473_0016', 'aves_aa_4R_1474_0015', 'aves_aa_4R_1485_0013', 'aves_aa_4R_1486_0013', 'aves_aa_4R_1499_0013']",
"['aves_aa_4R_1473_0026', 'aves_aa_4R_1474_0025']",
['aves_aa_4R_1473_0028'],
"['aves_aa_4R_1473_0037', 'aves_aa_4R_1474_0036']",
"['aves_aa_4R_1474_0018', 'aves_aa_4R_1475_0018']",
"['aves_aa_4R_1474_0023', 'aves_aa_4R_1479_0023', 'aves_aa_4R_1480_0023']",
['aves_aa_4R_1474_0026'],
['aves_aa_4R_1474_0027'],
"['aves_aa_4R_1474_0030', 'aves_aa_4R_1475_0030', 'aves_aa_4R_1480_0030', 'aves_aa_4R_1481_0030', 'aves_aa_4R_1488_0027', 'aves_aa_4R_1489_0027']",
"['aves_aa_4R_1474_0033', 'aves_aa_4R_1475_0033']",
"['aves_aa_4R_1474_0037', 'aves_aa_4R_1475_0037']",
"['aves_aa_4R_1475_0021', 'aves_aa_4R_1476_0021']",
"['aves_aa_4R_1475_0025', 'aves_aa_4R_1476_0025']",
"['aves_aa_4R_1475_0026', 'aves_aa_4R_1488_0024', 'aves_aa_4R_1489_0024']",
"['aves_aa_4R_1475_0027', 'aves_aa_4R_1476_0027', 'aves_aa_4R_1481_0027', 'aves_aa_4R_1482_0026', 'aves_aa_4R_1487_0025']",
"['aves_aa_4R_1475_0031', 'aves_aa_4R_1476_0031']",
"['aves_aa_4R_1476_0029', 'aves_aa_4R_1477_0029']",
"['aves_aa_4R_1476_0033', 'aves_aa_4R_1477_0033', 'aves_aa_4R_1484_0030', 'aves_aa_4R_1485_0030']",
"['aves_aa_4R_1476_0037', 'aves_aa_4R_1477_0037']",
"['aves_aa_4R_1477_0015', 'aves_aa_4R_1478_0015']",
"['aves_aa_4R_1477_0019', 'aves_aa_4R_1478_0019', 'aves_aa_4R_1483_0017', 'aves_aa_4R_1484_0017']",
"['aves_aa_4R_1477_0023', 'aves_aa_4R_1478_0023', 'aves_aa_4R_1483_0021', 'aves_aa_4R_1484_0021', 'aves_aa_4R_1491_0021', 'aves_aa_4R_1492_0021', 'aves_aa_4R_1499_0021']",
"['aves_aa_4R_1477_0025', 'aves_aa_4R_1478_0025', 'aves_aa_4R_1487_0023', 'aves_aa_4R_1488_0023']",
"['aves_aa_4R_1477_0031', 'aves_aa_4R_1478_0031']",
"['aves_aa_4R_1477_0032', 'aves_aa_4R_1478_0032', 'aves_aa_4R_1483_0029', 'aves_aa_4R_1484_0029', 'aves_aa_4R_1495_0029']",
"['aves_aa_4R_1477_0036', 'aves_aa_4R_1478_0036']",
"['aves_aa_4R_1478_0018', 'aves_aa_4R_1481_0018', 'aves_aa_4R_1482_0017']",
"['aves_aa_4R_1478_0021', 'aves_aa_4R_1489_0019', 'aves_aa_4R_1490_0019']",
"['aves_aa_4R_1478_0028', 'aves_aa_4R_1490_0026', 'aves_aa_4R_1491_0026', 'aves_aa_4R_1494_0026', 'aves_aa_4R_1495_0026', 'aves_aa_4R_1498_0026', 'aves_aa_4R_1499_0026']",
"['aves_aa_4R_1478_0029', 'aves_aa_4R_1479_0029']",
['aves_aa_4R_1478_0030'],
"['aves_aa_4R_1478_0035', 'aves_aa_4R_1479_0035']",
"['aves_aa_4R_1478_0037', 'aves_aa_4R_1479_0037']",
"['aves_aa_4R_1479_0015', 'aves_aa_4R_1480_0015', 'aves_aa_4R_1483_0013', 'aves_aa_4R_1484_0013', 'aves_aa_4R_1487_0013', 'aves_aa_4R_1488_0013']",
"['aves_aa_4R_1479_0018', 'aves_aa_4R_1480_0018']",
"['aves_aa_4R_1479_0021', 'aves_aa_4R_1480_0021']",
"['aves_aa_4R_1479_0027', 'aves_aa_4R_1480_0027']",
['aves_aa_4R_1479_0028'],
"['aves_aa_4R_1479_0030', 'aves_aa_4R_1486_0027', 'aves_aa_4R_1487_0027']",
"['aves_aa_4R_1479_0031', 'aves_aa_4R_1480_0031', 'aves_aa_4R_1485_0028', 'aves_aa_4R_1486_0028']",
"['aves_aa_4R_1479_0033', 'aves_aa_4R_1486_0030', 'aves_aa_4R_1487_0030']",
"['aves_aa_4R_1479_0034', 'aves_aa_4R_1480_0034']",
"['aves_aa_4R_1479_0036', 'aves_aa_4R_1480_0036']",
"['aves_aa_4R_1480_0022', 'aves_aa_4R_1481_0022', 'aves_aa_4R_1484_0020', 'aves_aa_4R_1485_0020', 'aves_aa_4R_1488_0020', 'aves_aa_4R_1489_0020', 'aves_aa_4R_1494_0020', 'aves_aa_4R_1495_0020', 'aves_aa_4R_1498_0020', 'aves_aa_4R_1499_0020']",
"['aves_aa_4R_1480_0024', 'aves_aa_4R_1481_0024']",
"['aves_aa_4R_1480_0026', 'aves_aa_4R_1481_0026']",
"['aves_aa_4R_1480_0035', 'aves_aa_4R_1481_0035']",
"['aves_aa_4R_1480_0037', 'aves_aa_4R_1481_0037', 'aves_aa_4R_1490_0031', 'aves_aa_4R_1491_0031']",
"['aves_aa_4R_1481_0021', 'aves_aa_4R_1482_0020', 'aves_aa_4R_1485_0019', 'aves_aa_4R_1486_0019']",
"['aves_aa_4R_1481_0031', 'aves_aa_4R_1482_0030']",
"['aves_aa_4R_1481_0032', 'aves_aa_4R_1482_0031', 'aves_aa_4R_1487_0029', 'aves_aa_4R_1488_0029', 'aves_aa_4R_1499_0029']",
"['aves_aa_4R_1481_0034', 'aves_aa_4R_1482_0033']",
"['aves_aa_4R_1482_0013', 'aves_aa_4R_1483_0012', 'aves_aa_4R_1488_0012', 'aves_aa_4R_1489_0012', 'aves_aa_4R_1494_0005']",
"['aves_aa_4R_1482_0027', 'aves_aa_4R_1483_0026', 'aves_aa_4R_1488_0026', 'aves_aa_4R_1489_0026']",
['aves_aa_4R_1482_0028'],
"['aves_aa_4R_1482_0029', 'aves_aa_4R_1483_0027']",
"['aves_aa_4R_1482_0032', 'aves_aa_4R_1483_0030', 'aves_aa_4R_1488_0030', 'aves_aa_4R_1489_0030', 'aves_aa_4R_1496_0030', 'aves_aa_4R_1497_0030']",
"['aves_aa_4R_1483_0015', 'aves_aa_4R_1484_0005']",
"['aves_aa_4R_1483_0016', 'aves_aa_4R_1484_0016', 'aves_aa_4R_1487_0016', 'aves_aa_4R_1488_0016', 'aves_aa_4R_1493_0016', 'aves_aa_4R_1494_0016', 'aves_aa_4R_1499_0005']",
"['aves_aa_4R_1483_0019', 'aves_aa_4R_1484_0019']",
"['aves_aa_4R_1483_0023', 'aves_aa_4R_1484_0023', 'aves_aa_4R_1495_0023', 'aves_aa_4R_1496_0023']",
"['aves_aa_4R_1483_0025', 'aves_aa_4R_1484_0025', 'aves_aa_4R_1491_0025', 'aves_aa_4R_1492_0025']",
"['aves_aa_4R_1483_0028', 'aves_aa_4R_1484_0028', 'aves_aa_4R_1489_0028', 'aves_aa_4R_1490_0028', 'aves_aa_4R_1495_0028', 'aves_aa_4R_1496_0028']",
"['aves_aa_4R_1484_0012', 'aves_aa_4R_1485_0012']",
"['aves_aa_4R_1484_0014', 'aves_aa_4R_1485_0014', 'aves_aa_4R_1492_0014', 'aves_aa_4R_1493_0014', 'aves_aa_4R_1496_0005', 'aves_aa_4R_1498_0014', 'aves_aa_4R_1499_0014']",
"['aves_aa_4R_1484_0015', 'aves_aa_4R_1491_0015']",
"['aves_aa_4R_1484_0018', 'aves_aa_4R_1485_0018', 'aves_aa_4R_1488_0018', 'aves_aa_4R_1489_0018', 'aves_aa_4R_1492_0018', 'aves_aa_4R_1496_0018', 'aves_aa_4R_1497_0018']",
"['aves_aa_4R_1484_0024', 'aves_aa_4R_1485_0024', 'aves_aa_4R_1492_0024', 'aves_aa_4R_1493_0024']",
"['aves_aa_4R_1484_0026', 'aves_aa_4R_1485_0026']",
"['aves_aa_4R_1484_0031', 'aves_aa_4R_1485_0031']",
"['aves_aa_4R_1485_0015', 'aves_aa_4R_1486_0015']",
"['aves_aa_4R_1485_0016', 'aves_aa_4R_1486_0016']",
"['aves_aa_4R_1485_0021', 'aves_aa_4R_1486_0021']",
"['aves_aa_4R_1485_0025', 'aves_aa_4R_1486_0025']",
"['aves_aa_4R_1486_0012', 'aves_aa_4R_1487_0012', 'aves_aa_4R_1494_0012', 'aves_aa_4R_1495_0012']",
"['aves_aa_4R_1486_0014', 'aves_aa_4R_1487_0014']",
"['aves_aa_4R_1486_0022', 'aves_aa_4R_1487_0022']",
"['aves_aa_4R_1486_0024', 'aves_aa_4R_1487_0024']",
"['aves_aa_4R_1486_0026', 'aves_aa_4R_1487_0026']",
"['aves_aa_4R_1486_0031', 'aves_aa_4R_1487_0031', 'aves_aa_4R_1494_0031', 'aves_aa_4R_1495_0031']",
"['aves_aa_4R_1487_0017', 'aves_aa_4R_1488_0017', 'aves_aa_4R_1491_0017', 'aves_aa_4R_1492_0017', 'aves_aa_4R_1495_0017', 'aves_aa_4R_1496_0017']",
"['aves_aa_4R_1487_0019', 'aves_aa_4R_1488_0019', 'aves_aa_4R_1491_0019', 'aves_aa_4R_1492_0019', 'aves_aa_4R_1495_0019']",
"['aves_aa_4R_1487_0021', 'aves_aa_4R_1488_0021']",
"['aves_aa_4R_1487_0028', 'aves_aa_4R_1488_0028']",
"['aves_aa_4R_1488_0022', 'aves_aa_4R_1489_0022']",
"['aves_aa_4R_1488_0025', 'aves_aa_4R_1493_0025', 'aves_aa_4R_1494_0025', 'aves_aa_4R_1499_0025']",
['aves_aa_4R_1488_0031'],
"['aves_aa_4R_1489_0013', 'aves_aa_4R_1490_0013', 'aves_aa_4R_1491_0005',  'aves_aa_4R_1497_0005']",
"['aves_aa_4R_1489_0016', 'aves_aa_4R_1490_0016']",
"['aves_aa_4R_1489_0017', 'aves_aa_4R_1490_0017', 'aves_aa_4R_1493_0017', 'aves_aa_4R_1494_0017', 'aves_aa_4R_1499_0017']",
"['aves_aa_4R_1489_0021', 'aves_aa_4R_1490_0021', 'aves_aa_4R_1493_0021', 'aves_aa_4R_1494_0021']",
"['aves_aa_4R_1489_0023', 'aves_aa_4R_1490_0023', 'aves_aa_4R_1497_0023', 'aves_aa_4R_1498_0023']",
"['aves_aa_4R_1489_0025', 'aves_aa_4R_1490_0025', 'aves_aa_4R_1495_0025', 'aves_aa_4R_1496_0025']",
"['aves_aa_4R_1489_0029', 'aves_aa_4R_1490_0029']",
"['aves_aa_4R_1489_0031', 'aves_aa_4R_1498_0031', 'aves_aa_4R_1499_0031']",
"['aves_aa_4R_1490_0015', 'aves_aa_4R_1493_0015', 'aves_aa_4R_1494_0015', 'aves_aa_4R_1498_0015']",
"['aves_aa_4R_1490_0018', 'aves_aa_4R_1491_0018', 'aves_aa_4R_1494_0018', 'aves_aa_4R_1495_0018']",
['aves_aa_4R_1490_0024'],
"['aves_aa_4R_1490_0027', 'aves_aa_4R_1491_0027']",
"['aves_aa_4R_1490_0030', 'aves_aa_4R_1491_0030', 'aves_aa_4R_1498_0030', 'aves_aa_4R_1499_0030']",
"['aves_aa_4R_1491_0013', 'aves_aa_4R_1492_0013']",
"['aves_aa_4R_1491_0016', 'aves_aa_4R_1492_0016']",
"['aves_aa_4R_1491_0023', 'aves_aa_4R_1492_0023', 'aves_aa_4R_1499_0023']",
"['aves_aa_4R_1491_0024', 'aves_aa_4R_1498_0024', 'aves_aa_4R_1499_0024']",
"['aves_aa_4R_1491_0028', 'aves_aa_4R_1492_0028']",
"['aves_aa_4R_1491_0029', 'aves_aa_4R_1492_0029']",
"['aves_aa_4R_1492_0012', 'aves_aa_4R_1493_0012', 'aves_aa_4R_1496_0012', 'aves_aa_4R_1497_0012']",
"['aves_aa_4R_1492_0015', 'aves_aa_4R_1497_0015', 'aves_aa_4R_1498_0005']",
"['aves_aa_4R_1492_0020', 'aves_aa_4R_1493_0020']",
"['aves_aa_4R_1492_0022', 'aves_aa_4R_1493_0022', 'aves_aa_4R_1496_0022', 'aves_aa_4R_1497_0022']",
"['aves_aa_4R_1492_0026', 'aves_aa_4R_1493_0026', 'aves_aa_4R_1496_0026', 'aves_aa_4R_1497_0026']",
"['aves_aa_4R_1492_0027', 'aves_aa_4R_1493_0027']",
"['aves_aa_4R_1492_0030', 'aves_aa_4R_1493_0030']",
"['aves_aa_4R_1492_0031', 'aves_aa_4R_1493_0031']",
"['aves_aa_4R_1493_0013', 'aves_aa_4R_1494_0013']",
['aves_aa_4R_1493_0018'],
"['aves_aa_4R_1493_0019', 'aves_aa_4R_1494_0019', 'aves_aa_4R_1499_0019']",
"['aves_aa_4R_1493_0028', 'aves_aa_4R_1494_0028', 'aves_aa_4R_1499_0028']",
"['aves_aa_4R_1493_0029', 'aves_aa_4R_1494_0029']",
"['aves_aa_4R_1494_0022', 'aves_aa_4R_1495_0022', 'aves_aa_4R_1498_0022', 'aves_aa_4R_1499_0022']",
"['aves_aa_4R_1494_0024', 'aves_aa_4R_1495_0024']",
"['aves_aa_4R_1494_0027', 'aves_aa_4R_1495_0027']",
"['aves_aa_4R_1494_0030', 'aves_aa_4R_1495_0030']",
"['aves_aa_4R_1495_0013', 'aves_aa_4R_1496_0013']",
"['aves_aa_4R_1495_0015', 'aves_aa_4R_1496_0015']",
"['aves_aa_4R_1495_0016', 'aves_aa_4R_1496_0016', 'aves_aa_4R_1499_0016']",
"['aves_aa_4R_1495_0021', 'aves_aa_4R_1496_0021']",
"['aves_aa_4R_1496_0014', 'aves_aa_4R_1497_0014']",
['aves_aa_4R_1496_0019'],
"['aves_aa_4R_1496_0024', 'aves_aa_4R_1497_0024']",
"['aves_aa_4R_1496_0027', 'aves_aa_4R_1497_0027']",
"['aves_aa_4R_1496_0031', 'aves_aa_4R_1497_0031']",
"['aves_aa_4R_1497_0013', 'aves_aa_4R_1498_0013']",
"['aves_aa_4R_1497_0016', 'aves_aa_4R_1498_0016']",
"['aves_aa_4R_1497_0017', 'aves_aa_4R_1498_0017']",
"['aves_aa_4R_1497_0019', 'aves_aa_4R_1498_0019']",
"['aves_aa_4R_1497_0021', 'aves_aa_4R_1498_0021']",
"['aves_aa_4R_1497_0025', 'aves_aa_4R_1498_0025']",
"['aves_aa_4R_1497_0028', 'aves_aa_4R_1498_0028']",
"['aves_aa_4R_1497_0028', 'aves_aa_4R_1498_0028']",
['aves_aa_4R_1497_0029'],
"['aves_aa_4R_1498_0012', 'aves_aa_4R_1499_0012']",
"['aves_aa_4R_1498_0018', 'aves_aa_4R_1499_0018']",
"['aves_aa_4R_1498_0027', 'aves_aa_4R_1499_0027']",
['aves_aa_4R_1498_0029'],
['aves_aa_4R_1499_0015'],
